subset,k,silhouette,calinski_harabasz,davies_bouldin
"['volatility_dispersion', 'z_realized_implied_vixy', 'z_vol_spread_vixy', 'z_vol_skew_iwm', 'z_vol_skew_gld', 'zbt', 'Pct_Above_MA200', 'volum_surge']",3,0.5431041717529297,4329.3896484375,0.614285320642398
"['volatility_dispersion', 'z_realized_implied_vixy', 'z_vol_spread_vixy', 'z_vol_skew_iwm', 'z_vol_skew_gld', 'Pct_Above_MA50', 'Pct_Above_MA200', 'volum_surge']",3,0.5337039828300476,4065.650634765625,0.6661697257377474
"['volatility_dispersion', 'z_realized_implied_vixy', 'z_vol_spread_vixy', 'z_vol_skew_iwm', 'z_vol_skew_gld', 'ADR_smooth', 'zbt', 'Pct_Above_MA50', 'Pct_Above_MA200', 'volum_surge']",3,0.5025909543037415,4232.615234375,0.696301907990296
"['volatility_dispersion', 'z_vol_spread_vixy', 'z_vol_skew_iwm', 'z_vol_skew_gld', 'ADR_smooth', 'zbt', 'Pct_Above_MA50', 'Pct_Above_MA200', 'volum_surge']",3,0.4990622401237488,1847.61083984375,0.6658823658635512
"['volatility_dispersion', 'z_vol_spread_vixy', 'z_vol_skew_gld', 'ADR_smooth', 'zbt', 'Pct_Above_MA50', 'Pct_Above_MA200', 'volum_surge']",3,0.4956284463405609,2316.274169921875,0.710622371979356
"['volatility_dispersion', 'z_realized_implied_vixy', 'z_vol_spread_vixy', 'ADR_smooth', 'zbt', 'Pct_Above_MA50', 'Pct_Above_MA200', 'volum_surge']",3,0.4889639914035797,3892.76904296875,0.7421560813181717
"['volatility_dispersion', 'z_realized_implied_vixy', 'z_vol_spread_vixy', 'z_vol_skew_gld', 'zbt', 'Pct_Above_MA50', 'Pct_Above_MA200', 'volum_surge']",3,0.48758208751678467,3396.2744140625,0.7108331675688699
"['z_realized_implied_vixy', 'z_vol_spread_vixy', 'z_vol_skew_iwm', 'z_vol_skew_gld', 'ADR_smooth', 'zbt', 'Pct_Above_MA50', 'Pct_Above_MA200']",3,0.4865628182888031,3596.287353515625,0.7083168070193779
"['z_realized_implied_vixy', 'z_vol_spread_vixy', 'z_vol_skew_gld', 'ADR_smooth', 'zbt', 'Pct_Above_MA50', 'Pct_Above_MA200', 'volum_surge']",3,0.4864727258682251,3823.78759765625,0.7312957939028418
"['z_realized_implied_vixy', 'z_vol_spread_vixy', 'z_vol_skew_iwm', 'ADR_smooth', 'zbt', 'Pct_Above_MA50', 'Pct_Above_MA200', 'volum_surge']",3,0.484080970287323,3740.191650390625,0.7110501826681056
"['volatility_dispersion', 'z_realized_implied_vixy', 'z_vol_spread_vixy', 'z_vol_skew_iwm', 'z_vol_skew_gld', 'ADR_smooth', 'Pct_Above_MA50', 'Pct_Above_MA200']",3,0.48380741477012634,4170.61865234375,0.7280298949172006
"['volatility_dispersion', 'z_realized_implied_vixy', 'z_vol_spread_vixy', 'z_vol_skew_gld', 'ADR_smooth', 'Pct_Above_MA50', 'Pct_Above_MA200', 'volum_surge']",3,0.48053908348083496,2927.43212890625,0.7530760466242757
"['volatility_dispersion', 'z_realized_implied_vixy', 'z_vol_spread_vixy', 'z_vol_skew_iwm', 'ADR_smooth', 'zbt', 'Pct_Above_MA50', 'Pct_Above_MA200', 'volum_surge']",3,0.48034751415252686,3586.448486328125,0.7589578005164395
"['volatility_dispersion', 'z_realized_implied_vixy', 'z_vol_skew_iwm', 'ADR_smooth', 'zbt', 'Pct_Above_MA50', 'Pct_Above_MA200', 'NH_NL_Ratio_smooth']",4,0.4800480604171753,2525.156005859375,0.6695297659979497
"['volatility_dispersion', 'z_realized_implied_vixy', 'z_vol_spread_vixy', 'z_vol_skew_iwm', 'ADR_smooth', 'zbt', 'Pct_Above_MA50', 'Pct_Above_MA200']",3,0.47692379355430603,3056.927978515625,0.755140585198813
"['volatility_dispersion', 'z_vol_spread_vixy', 'z_vol_skew_iwm', 'z_vol_skew_gld', 'zbt', 'Pct_Above_MA200', 'NH_NL_Ratio_smooth', 'volum_surge']",4,0.47680169343948364,2263.46923828125,0.6913671822467595
"['volatility_dispersion', 'z_realized_implied_vixy', 'z_vol_spread_vixy', 'z_vol_skew_iwm', 'z_vol_skew_gld', 'zbt', 'Pct_Above_MA50', 'Pct_Above_MA200', 'volum_surge']",3,0.47650840878486633,3232.801513671875,0.7619966303401359
"['volatility_dispersion', 'z_realized_implied_vixy', 'z_vol_spread_vixy', 'z_vol_skew_gld', 'ADR_smooth', 'zbt', 'Pct_Above_MA200', 'volum_surge']",3,0.47604474425315857,2992.532958984375,0.6773020929726506
"['volatility_dispersion', 'z_vol_spread_vixy', 'z_vol_skew_gld', 'ADR_smooth', 'zbt', 'Pct_Above_MA50', 'Pct_Above_MA200', 'NH_NL_Ratio_smooth']",3,0.47526776790618896,2397.80712890625,0.7738298967758231
"['volatility_dispersion', 'z_realized_implied_vixy', 'z_vol_spread_vixy', 'z_vol_skew_iwm', 'z_vol_skew_gld', 'ADR_smooth', 'Pct_Above_MA200', 'NH_NL_Ratio_smooth']",3,0.47500675916671753,4106.560546875,0.7848775287529794
"['z_realized_implied_vixy', 'z_vol_spread_vixy', 'z_vol_skew_iwm', 'ADR_smooth', 'zbt', 'Pct_Above_MA50', 'Pct_Above_MA200', 'NH_NL_Ratio_smooth']",4,0.4723878502845764,3003.563232421875,0.6713843379187567
"['z_realized_implied_vixy', 'z_vol_skew_iwm', 'z_vol_skew_gld', 'ADR_smooth', 'zbt', 'Pct_Above_MA50', 'NH_NL_Ratio_smooth', 'volum_surge']",3,0.47161123156547546,3712.71142578125,0.8103708070644576
"['volatility_dispersion', 'z_realized_implied_vixy', 'z_vol_spread_vixy', 'z_vol_skew_iwm', 'z_vol_skew_gld', 'ADR_smooth', 'zbt', 'Pct_Above_MA200', 'NH_NL_Ratio_smooth']",3,0.4715813994407654,3458.368896484375,0.8041460397796744
"['volatility_dispersion', 'z_vol_skew_iwm', 'z_vol_skew_gld', 'ADR_smooth', 'zbt', 'Pct_Above_MA50', 'NH_NL_Ratio_smooth', 'volum_surge']",3,0.4711344540119171,3866.411376953125,0.768181068090935
"['volatility_dispersion', 'z_realized_implied_vixy', 'z_vol_spread_vixy', 'z_vol_skew_iwm', 'z_vol_skew_gld', 'zbt', 'Pct_Above_MA50', 'Pct_Above_MA200']",3,0.4707639813423157,3022.584228515625,0.789310436954921
"['volatility_dispersion', 'z_realized_implied_vixy', 'z_vol_spread_vixy', 'ADR_smooth', 'zbt', 'Pct_Above_MA50', 'NH_NL_Ratio_smooth', 'volum_surge']",3,0.47057339549064636,2428.794921875,0.7507569809550724
"['volatility_dispersion', 'z_realized_implied_vixy', 'z_vol_spread_vixy', 'z_vol_skew_iwm', 'ADR_smooth', 'zbt', 'Pct_Above_MA200', 'volum_surge']",3,0.470262736082077,2995.605224609375,0.7841527754047545
"['volatility_dispersion', 'z_realized_implied_vixy', 'z_vol_skew_iwm', 'z_vol_skew_gld', 'zbt', 'Pct_Above_MA50', 'Pct_Above_MA200', 'NH_NL_Ratio_smooth']",4,0.4697897434234619,2432.968505859375,0.7139915931563868
"['volatility_dispersion', 'z_vol_spread_vixy', 'z_vol_skew_iwm', 'z_vol_skew_gld', 'ADR_smooth', 'zbt', 'Pct_Above_MA200', 'NH_NL_Ratio_smooth']",4,0.46959641575813293,2996.7548828125,0.7638087969750205
"['volatility_dispersion', 'z_vol_spread_vixy', 'ADR_smooth', 'zbt', 'Pct_Above_MA50', 'Pct_Above_MA200', 'NH_NL_Ratio_smooth', 'volum_surge']",3,0.46936365962028503,2860.51708984375,0.7570845665496426
"['volatility_dispersion', 'z_realized_implied_vixy', 'z_vol_spread_vixy', 'z_vol_skew_iwm', 'z_vol_skew_gld', 'ADR_smooth', 'NH_NL_Ratio_smooth', 'volum_surge']",3,0.4690379202365875,2316.10986328125,0.7559317267108282
"['z_realized_implied_vixy', 'z_vol_spread_vixy', 'z_vol_skew_iwm', 'z_vol_skew_gld', 'ADR_smooth', 'zbt', 'Pct_Above_MA200', 'volum_surge']",3,0.46880146861076355,2735.65673828125,0.7401238965719003
"['volatility_dispersion', 'z_realized_implied_vixy', 'z_vol_spread_vixy', 'z_vol_skew_iwm', 'z_vol_skew_gld', 'Pct_Above_MA200', 'NH_NL_Ratio_smooth', 'volum_surge']",4,0.4684050381183624,2884.845458984375,0.7394876559069662
"['volatility_dispersion', 'z_realized_implied_vixy', 'z_vol_skew_iwm', 'z_vol_skew_gld', 'ADR_smooth', 'zbt', 'Pct_Above_MA200', 'volum_surge']",3,0.4675871431827545,2711.83935546875,0.6644719831701378
"['z_realized_implied_vixy', 'z_vol_spread_vixy', 'z_vol_skew_iwm', 'z_vol_skew_gld', 'zbt', 'Pct_Above_MA50', 'Pct_Above_MA200', 'volum_surge']",3,0.4675590395927429,3028.931396484375,0.7033694386179136
"['volatility_dispersion', 'z_realized_implied_vixy', 'z_vol_skew_iwm', 'z_vol_skew_gld', 'zbt', 'Pct_Above_MA50', 'Pct_Above_MA200', 'volum_surge']",4,0.466948539018631,3465.649169921875,0.8215297044224483
"['volatility_dispersion', 'z_realized_implied_vixy', 'z_vol_skew_iwm', 'z_vol_skew_gld', 'ADR_smooth', 'Pct_Above_MA200', 'NH_NL_Ratio_smooth', 'volum_surge']",3,0.46671947836875916,2881.650634765625,0.8270114970870003
"['volatility_dispersion', 'z_realized_implied_vixy', 'z_vol_spread_vixy', 'z_vol_skew_iwm', 'z_vol_skew_gld', 'ADR_smooth', 'Pct_Above_MA200', 'NH_NL_Ratio_smooth', 'volum_surge']",3,0.4649903476238251,2913.728759765625,0.8238091957832795
"['volatility_dispersion', 'z_realized_implied_vixy', 'z_vol_spread_vixy', 'z_vol_skew_iwm', 'z_vol_skew_gld', 'ADR_smooth', 'Pct_Above_MA200', 'NH_NL_Ratio_smooth']",4,0.46360036730766296,4053.20556640625,0.7239443863926346
"['volatility_dispersion', 'z_realized_implied_vixy', 'z_vol_skew_gld', 'ADR_smooth', 'zbt', 'Pct_Above_MA200', 'NH_NL_Ratio_smooth', 'volum_surge']",3,0.4635969400405884,2830.85107421875,0.7668125496012181
"['z_realized_implied_vixy', 'z_vol_skew_iwm', 'z_vol_skew_gld', 'ADR_smooth', 'zbt', 'Pct_Above_MA50', 'NH_NL_Ratio_smooth', 'volum_surge']",4,0.4634270966053009,3265.360595703125,0.834166838560821
"['volatility_dispersion', 'z_realized_implied_vixy', 'z_vol_spread_vixy', 'z_vol_skew_iwm', 'z_vol_skew_gld', 'ADR_smooth', 'Pct_Above_MA50', 'Pct_Above_MA200', 'volum_surge']",3,0.4628228545188904,3077.1630859375,0.7989617894916629
"['z_realized_implied_vixy', 'z_vol_skew_iwm', 'z_vol_skew_gld', 'zbt', 'Pct_Above_MA50', 'Pct_Above_MA200', 'NH_NL_Ratio_smooth', 'volum_surge']",3,0.4623136520385742,3166.37060546875,0.6760735624377632
"['volatility_dispersion', 'z_realized_implied_vixy', 'z_vol_spread_vixy', 'z_vol_skew_iwm', 'zbt', 'Pct_Above_MA50', 'Pct_Above_MA200', 'volum_surge']",3,0.4616568982601166,3312.519287109375,0.7757066048745368
"['volatility_dispersion', 'z_realized_implied_vixy', 'z_vol_skew_iwm', 'z_vol_skew_gld', 'ADR_smooth', 'zbt', 'Pct_Above_MA200', 'NH_NL_Ratio_smooth']",3,0.46163210272789,2773.4541015625,0.8084422812293958
"['volatility_dispersion', 'z_realized_implied_vixy', 'z_vol_spread_vixy', 'z_vol_skew_iwm', 'z_vol_skew_gld', 'zbt', 'Pct_Above_MA200', 'NH_NL_Ratio_smooth']",3,0.4608917832374573,2891.467041015625,0.8184183208875101
"['volatility_dispersion', 'z_realized_implied_vixy', 'z_vol_skew_iwm', 'z_vol_skew_gld', 'ADR_smooth', 'zbt', 'Pct_Above_MA50', 'Pct_Above_MA200', 'NH_NL_Ratio_smooth']",3,0.4607151448726654,2747.9853515625,0.8130756193291301
"['volatility_dispersion', 'z_realized_implied_vixy', 'z_vol_spread_vixy', 'z_vol_skew_iwm', 'z_vol_skew_gld', 'ADR_smooth', 'zbt', 'Pct_Above_MA50', 'Pct_Above_MA200', 'NH_NL_Ratio_smooth']",3,0.4596342146396637,3057.700927734375,0.8043393687330078
"['volatility_dispersion', 'z_realized_implied_vixy', 'z_vol_spread_vixy', 'z_vol_skew_gld', 'ADR_smooth', 'zbt', 'Pct_Above_MA200', 'NH_NL_Ratio_smooth']",3,0.45962804555892944,2752.33056640625,0.8419998801590207
"['z_realized_implied_vixy', 'z_vol_skew_iwm', 'z_vol_skew_gld', 'ADR_smooth', 'zbt', 'Pct_Above_MA50', 'Pct_Above_MA200', 'NH_NL_Ratio_smooth', 'volum_surge']",3,0.45863398909568787,3311.8935546875,0.7237159964566421
"['volatility_dispersion', 'z_realized_implied_vixy', 'z_vol_spread_vixy', 'z_vol_skew_iwm', 'z_vol_skew_gld', 'zbt', 'Pct_Above_MA200', 'NH_NL_Ratio_smooth', 'volum_surge']",4,0.45857396721839905,2724.9033203125,0.7707413579277661
"['volatility_dispersion', 'z_realized_implied_vixy', 'z_vol_spread_vixy', 'z_vol_skew_iwm', 'ADR_smooth', 'Pct_Above_MA50', 'Pct_Above_MA200', 'NH_NL_Ratio_smooth', 'volum_surge']",4,0.45826005935668945,2604.852783203125,0.7265404483708612
"['volatility_dispersion', 'z_realized_implied_vixy', 'z_vol_spread_vixy', 'z_vol_skew_gld', 'ADR_smooth', 'zbt', 'Pct_Above_MA50', 'Pct_Above_MA200', 'volum_surge']",3,0.45729100704193115,3480.374755859375,0.7652402633164544
"['volatility_dispersion', 'z_realized_implied_vixy', 'z_vol_spread_vixy', 'z_vol_skew_iwm', 'ADR_smooth', 'Pct_Above_MA50', 'Pct_Above_MA200', 'NH_NL_Ratio_smooth']",4,0.45708397030830383,2780.168212890625,0.7444808554699786
"['volatility_dispersion', 'z_realized_implied_vixy', 'z_vol_spread_vixy', 'z_vol_skew_iwm', 'z_vol_skew_gld', 'Pct_Above_MA200', 'NH_NL_Ratio_smooth', 'volum_surge']",3,0.4570200741291046,2672.868896484375,0.8332404136899534
"['volatility_dispersion', 'z_realized_implied_vixy', 'z_vol_spread_vixy', 'z_vol_skew_iwm', 'z_vol_skew_gld', 'ADR_smooth', 'zbt', 'Pct_Above_MA50', 'Pct_Above_MA200']",3,0.4559638798236847,3162.1875,0.7905950698732306
"['z_realized_implied_vixy', 'z_vol_spread_vixy', 'z_vol_skew_iwm', 'ADR_smooth', 'Pct_Above_MA50', 'Pct_Above_MA200', 'NH_NL_Ratio_smooth', 'volum_surge']",4,0.4559233784675598,2615.3056640625,0.7159846023318133
"['volatility_dispersion', 'z_realized_implied_vixy', 'z_vol_spread_vixy', 'z_vol_skew_iwm', 'ADR_smooth', 'zbt', 'Pct_Above_MA200', 'volum_surge']",4,0.4550756514072418,3062.568115234375,0.8142529614000764
"['volatility_dispersion', 'z_realized_implied_vixy', 'z_vol_spread_vixy', 'z_vol_skew_iwm', 'z_vol_skew_gld', 'ADR_smooth', 'Pct_Above_MA200', 'volum_surge']",3,0.4548104703426361,3387.821044921875,0.7920410823572609
"['volatility_dispersion', 'z_vol_skew_iwm', 'z_vol_skew_gld', 'ADR_smooth', 'zbt', 'Pct_Above_MA50', 'Pct_Above_MA200', 'NH_NL_Ratio_smooth']",3,0.4537259042263031,1823.0458984375,0.7992649895424546
"['volatility_dispersion', 'z_realized_implied_vixy', 'z_vol_spread_vixy', 'z_vol_skew_gld', 'ADR_smooth', 'zbt', 'NH_NL_Ratio_smooth', 'volum_surge']",3,0.4535355567932129,2116.994873046875,0.808385152045411
"['z_realized_implied_vixy', 'z_vol_spread_vixy', 'z_vol_skew_iwm', 'z_vol_skew_gld', 'zbt', 'Pct_Above_MA200', 'NH_NL_Ratio_smooth', 'volum_surge']",3,0.45236000418663025,2518.568603515625,0.817621071560462
"['z_realized_implied_vixy', 'z_vol_spread_vixy', 'z_vol_skew_iwm', 'ADR_smooth', 'zbt', 'Pct_Above_MA50', 'Pct_Above_MA200', 'NH_NL_Ratio_smooth', 'volum_surge']",4,0.45220792293548584,2518.78466796875,0.7095129204634817
"['volatility_dispersion', 'z_vol_skew_iwm', 'ADR_smooth', 'zbt', 'Pct_Above_MA50', 'Pct_Above_MA200', 'NH_NL_Ratio_smooth', 'volum_surge']",3,0.4519776403903961,2777.7060546875,0.8166689868985918
"['volatility_dispersion', 'z_vol_spread_vixy', 'z_vol_skew_iwm', 'z_vol_skew_gld', 'ADR_smooth', 'Pct_Above_MA50', 'Pct_Above_MA200', 'volum_surge']",3,0.45166850090026855,1568.4788818359375,0.7166758953854568
"['volatility_dispersion', 'z_realized_implied_vixy', 'z_vol_spread_vixy', 'z_vol_skew_iwm', 'ADR_smooth', 'Pct_Above_MA50', 'Pct_Above_MA200', 'NH_NL_Ratio_smooth']",3,0.45125582814216614,2598.129638671875,0.8476990745833245
"['volatility_dispersion', 'z_realized_implied_vixy', 'z_vol_spread_vixy', 'z_vol_skew_iwm', 'ADR_smooth', 'zbt', 'Pct_Above_MA50', 'NH_NL_Ratio_smooth']",3,0.4511491060256958,2113.26708984375,0.7869484660584035
"['volatility_dispersion', 'z_realized_implied_vixy', 'z_vol_skew_iwm', 'z_vol_skew_gld', 'ADR_smooth', 'zbt', 'Pct_Above_MA50', 'Pct_Above_MA200', 'volum_surge']",3,0.45089399814605713,3555.30078125,0.7830014761152518
"['volatility_dispersion', 'z_realized_implied_vixy', 'z_vol_spread_vixy', 'z_vol_skew_iwm', 'ADR_smooth', 'Pct_Above_MA200', 'NH_NL_Ratio_smooth', 'volum_surge']",4,0.4507433772087097,2679.243408203125,0.7756326822636073
"['volatility_dispersion', 'z_realized_implied_vixy', 'z_vol_skew_iwm', 'z_vol_skew_gld', 'ADR_smooth', 'zbt', 'Pct_Above_MA50', 'Pct_Above_MA200']",3,0.4503532350063324,3221.0791015625,0.8127896913945064
"['volatility_dispersion', 'z_realized_implied_vixy', 'z_vol_spread_vixy', 'z_vol_skew_gld', 'ADR_smooth', 'zbt', 'Pct_Above_MA50', 'Pct_Above_MA200']",3,0.4497593343257904,3119.401611328125,0.7718708916086308
"['volatility_dispersion', 'z_realized_implied_vixy', 'z_vol_spread_vixy', 'z_vol_skew_gld', 'ADR_smooth', 'Pct_Above_MA200', 'NH_NL_Ratio_smooth', 'volum_surge']",3,0.4496897757053375,2887.182861328125,0.8536829968832594
"['volatility_dispersion', 'z_realized_implied_vixy', 'z_vol_spread_vixy', 'z_vol_skew_iwm', 'ADR_smooth', 'zbt', 'Pct_Above_MA50', 'Pct_Above_MA200', 'NH_NL_Ratio_smooth']",3,0.44954073429107666,2662.623779296875,0.836615614874518
"['volatility_dispersion', 'z_vol_spread_vixy', 'z_vol_skew_gld', 'zbt', 'Pct_Above_MA50', 'Pct_Above_MA200', 'NH_NL_Ratio_smooth', 'volum_surge']",4,0.44937863945961,2059.131591796875,0.7296553388665641
"['z_realized_implied_vixy', 'z_vol_spread_vixy', 'z_vol_skew_iwm', 'z_vol_skew_gld', 'ADR_smooth', 'zbt', 'Pct_Above_MA50', 'Pct_Above_MA200', 'volum_surge']",3,0.44924500584602356,2844.28369140625,0.7980254415160438
"['z_vol_spread_vixy', 'z_vol_skew_iwm', 'z_vol_skew_gld', 'ADR_smooth', 'zbt', 'Pct_Above_MA50', 'NH_NL_Ratio_smooth', 'volum_surge']",3,0.4486949145793915,3760.758544921875,0.7994025957860568
"['z_realized_implied_vixy', 'z_vol_spread_vixy', 'z_vol_skew_gld', 'ADR_smooth', 'zbt', 'Pct_Above_MA200', 'NH_NL_Ratio_smooth', 'volum_surge']",3,0.44816911220550537,2804.8291015625,0.8681657227471823
"['volatility_dispersion', 'z_realized_implied_vixy', 'z_vol_spread_vixy', 'z_vol_skew_iwm', 'ADR_smooth', 'zbt', 'Pct_Above_MA50', 'NH_NL_Ratio_smooth', 'volum_surge']",4,0.44757357239723206,2366.29931640625,0.7805870203423347
"['volatility_dispersion', 'z_realized_implied_vixy', 'z_vol_skew_gld', 'ADR_smooth', 'zbt', 'Pct_Above_MA50', 'Pct_Above_MA200', 'NH_NL_Ratio_smooth']",3,0.4475369155406952,2522.225341796875,0.8317707176738565
"['volatility_dispersion', 'z_vol_spread_vixy', 'z_vol_skew_iwm', 'zbt', 'Pct_Above_MA50', 'Pct_Above_MA200', 'NH_NL_Ratio_smooth', 'volum_surge']",4,0.4474928379058838,2290.19873046875,0.8488446295721518
"['volatility_dispersion', 'z_realized_implied_vixy', 'z_vol_spread_vixy', 'z_vol_skew_iwm', 'z_vol_skew_gld', 'zbt', 'Pct_Above_MA200', 'NH_NL_Ratio_smooth']",4,0.4473789930343628,2693.010498046875,0.8409935789673729
"['z_realized_implied_vixy', 'z_vol_spread_vixy', 'z_vol_skew_gld', 'ADR_smooth', 'zbt', 'Pct_Above_MA200', 'NH_NL_Ratio_smooth', 'volum_surge']",4,0.44692710041999817,2804.41015625,0.7257339917800018
"['volatility_dispersion', 'z_realized_implied_vixy', 'z_vol_spread_vixy', 'z_vol_skew_gld', 'zbt', 'Pct_Above_MA200', 'NH_NL_Ratio_smooth', 'volum_surge']",4,0.44658878445625305,2114.730224609375,0.7491595533596809
"['volatility_dispersion', 'z_realized_implied_vixy', 'z_vol_spread_vixy', 'z_vol_skew_iwm', 'z_vol_skew_gld', 'ADR_smooth', 'zbt', 'Pct_Above_MA200']",3,0.44657739996910095,3290.46826171875,0.820684313389005
"['volatility_dispersion', 'z_realized_implied_vixy', 'z_vol_spread_vixy', 'z_vol_skew_iwm', 'zbt', 'Pct_Above_MA50', 'Pct_Above_MA200', 'volum_surge']",4,0.4457632303237915,3318.27490234375,0.7913237324372546
"['volatility_dispersion', 'z_realized_implied_vixy', 'z_vol_spread_vixy', 'zbt', 'Pct_Above_MA50', 'Pct_Above_MA200', 'NH_NL_Ratio_smooth', 'volum_surge']",4,0.44550660252571106,2490.62646484375,0.784509056021083
"['volatility_dispersion', 'z_realized_implied_vixy', 'z_vol_skew_iwm', 'z_vol_skew_gld', 'ADR_smooth', 'Pct_Above_MA50', 'Pct_Above_MA200', 'NH_NL_Ratio_smooth']",3,0.445384681224823,2612.18603515625,0.8602535604336273
"['z_realized_implied_vixy', 'z_vol_spread_vixy', 'z_vol_skew_iwm', 'z_vol_skew_gld', 'ADR_smooth', 'Pct_Above_MA200', 'NH_NL_Ratio_smooth', 'volum_surge']",3,0.4450525939464569,2800.2021484375,0.8137270339119204
"['volatility_dispersion', 'z_realized_implied_vixy', 'z_vol_spread_vixy', 'z_vol_skew_iwm', 'ADR_smooth', 'Pct_Above_MA50', 'Pct_Above_MA200', 'volum_surge']",3,0.44468575716018677,2760.75146484375,0.8037806399032923
"['volatility_dispersion', 'z_realized_implied_vixy', 'z_vol_spread_vixy', 'z_vol_skew_iwm', 'z_vol_skew_gld', 'ADR_smooth', 'zbt', 'Pct_Above_MA200', 'NH_NL_Ratio_smooth', 'volum_surge']",3,0.44445058703422546,2954.20068359375,0.8436929539893107
"['volatility_dispersion', 'z_realized_implied_vixy', 'z_vol_skew_iwm', 'z_vol_skew_gld', 'ADR_smooth', 'Pct_Above_MA50', 'Pct_Above_MA200', 'NH_NL_Ratio_smooth']",4,0.4438411593437195,2304.1591796875,0.8227671938011049
"['volatility_dispersion', 'z_vol_spread_vixy', 'z_vol_skew_iwm', 'z_vol_skew_gld', 'ADR_smooth', 'zbt', 'Pct_Above_MA200', 'NH_NL_Ratio_smooth']",3,0.44316861033439636,2595.95849609375,0.8920213040584942
"['z_realized_implied_vixy', 'z_vol_spread_vixy', 'z_vol_skew_iwm', 'ADR_smooth', 'zbt', 'Pct_Above_MA50', 'Pct_Above_MA200', 'NH_NL_Ratio_smooth']",3,0.44299405813217163,2661.1630859375,0.8636817491358872
"['volatility_dispersion', 'z_vol_skew_iwm', 'z_vol_skew_gld', 'zbt', 'Pct_Above_MA50', 'Pct_Above_MA200', 'NH_NL_Ratio_smooth', 'volum_surge']",3,0.44291579723358154,2707.573486328125,0.7727130333899387
"['volatility_dispersion', 'z_realized_implied_vixy', 'z_vol_skew_iwm', 'z_vol_skew_gld', 'zbt', 'Pct_Above_MA200', 'NH_NL_Ratio_smooth', 'volum_surge']",3,0.44258683919906616,2600.677001953125,0.8451513881460619
"['volatility_dispersion', 'z_vol_spread_vixy', 'z_vol_skew_gld', 'ADR_smooth', 'zbt', 'Pct_Above_MA200', 'NH_NL_Ratio_smooth', 'volum_surge']",3,0.4423303008079529,2275.8818359375,0.8823036020503566
"['volatility_dispersion', 'z_vol_spread_vixy', 'z_vol_skew_iwm', 'zbt', 'Pct_Above_MA50', 'Pct_Above_MA200', 'NH_NL_Ratio_smooth', 'volum_surge']",3,0.442308634519577,2395.313720703125,0.828070157082839
"['volatility_dispersion', 'z_realized_implied_vixy', 'z_vol_spread_vixy', 'ADR_smooth', 'zbt', 'Pct_Above_MA50', 'Pct_Above_MA200', 'volum_surge']",4,0.44179481267929077,3524.65185546875,0.763539677272014
"['volatility_dispersion', 'z_realized_implied_vixy', 'z_vol_skew_iwm', 'zbt', 'Pct_Above_MA50', 'Pct_Above_MA200', 'NH_NL_Ratio_smooth', 'volum_surge']",3,0.44075876474380493,2727.215087890625,0.8261119743032341
"['volatility_dispersion', 'z_realized_implied_vixy', 'z_vol_spread_vixy', 'z_vol_skew_iwm', 'z_vol_skew_gld', 'ADR_smooth', 'zbt', 'Pct_Above_MA200', 'NH_NL_Ratio_smooth']",4,0.44040563702583313,3103.24169921875,0.9415210116791387
"['z_realized_implied_vixy', 'z_vol_skew_iwm', 'ADR_smooth', 'zbt', 'Pct_Above_MA50', 'Pct_Above_MA200', 'NH_NL_Ratio_smooth', 'volum_surge']",4,0.4404050409793854,2641.694091796875,0.8865580802033537
"['volatility_dispersion', 'z_realized_implied_vixy', 'z_vol_skew_iwm', 'z_vol_skew_gld', 'zbt', 'Pct_Above_MA50', 'Pct_Above_MA200', 'NH_NL_Ratio_smooth', 'volum_surge']",3,0.4398021399974823,2507.352783203125,0.8496061402121752
"['volatility_dispersion', 'z_realized_implied_vixy', 'z_vol_spread_vixy', 'z_vol_skew_iwm', 'ADR_smooth', 'zbt', 'Pct_Above_MA50', 'Pct_Above_MA200', 'NH_NL_Ratio_smooth', 'volum_surge']",4,0.4396543502807617,2470.82080078125,0.7359263948467136
"['z_vol_spread_vixy', 'z_vol_skew_iwm', 'z_vol_skew_gld', 'ADR_smooth', 'zbt', 'Pct_Above_MA200', 'NH_NL_Ratio_smooth', 'volum_surge']",3,0.4392611086368561,2801.7421875,0.857516106985028
"['volatility_dispersion', 'z_realized_implied_vixy', 'z_vol_spread_vixy', 'ADR_smooth', 'zbt', 'Pct_Above_MA200', 'NH_NL_Ratio_smooth', 'volum_surge']",4,0.4389936327934265,2336.521728515625,0.7657263672536132
"['z_vol_spread_vixy', 'z_vol_skew_iwm', 'z_vol_skew_gld', 'ADR_smooth', 'zbt', 'Pct_Above_MA50', 'NH_NL_Ratio_smooth', 'volum_surge']",4,0.4385056793689728,3025.139404296875,0.8799656993183079
"['z_realized_implied_vixy', 'z_vol_skew_iwm', 'z_vol_skew_gld', 'zbt', 'Pct_Above_MA50', 'Pct_Above_MA200', 'NH_NL_Ratio_smooth', 'volum_surge']",4,0.4384508430957794,3256.07421875,0.9013026579291623
"['volatility_dispersion', 'z_realized_implied_vixy', 'z_vol_spread_vixy', 'z_vol_skew_gld', 'ADR_smooth', 'zbt', 'Pct_Above_MA200', 'NH_NL_Ratio_smooth']",4,0.43838077783584595,2536.77294921875,0.8276433441370395
"['volatility_dispersion', 'z_realized_implied_vixy', 'z_vol_spread_vixy', 'z_vol_skew_iwm', 'ADR_smooth', 'Pct_Above_MA200', 'NH_NL_Ratio_smooth', 'volum_surge']",3,0.4376906156539917,2270.661865234375,0.8690757019605697
"['volatility_dispersion', 'z_realized_implied_vixy', 'z_vol_spread_vixy', 'z_vol_skew_iwm', 'z_vol_skew_gld', 'zbt', 'Pct_Above_MA50', 'Pct_Above_MA200', 'NH_NL_Ratio_smooth']",3,0.43765661120414734,2495.471923828125,0.8800492825835153
"['volatility_dispersion', 'z_vol_spread_vixy', 'z_vol_skew_iwm', 'z_vol_skew_gld', 'ADR_smooth', 'zbt', 'Pct_Above_MA50', 'NH_NL_Ratio_smooth', 'volum_surge']",3,0.4366326928138733,2547.245849609375,0.8306892389587252
"['volatility_dispersion', 'z_vol_skew_iwm', 'ADR_smooth', 'zbt', 'Pct_Above_MA50', 'Pct_Above_MA200', 'NH_NL_Ratio_smooth', 'volum_surge']",4,0.4365835189819336,2831.578857421875,0.8264232671882439
"['z_realized_implied_vixy', 'z_vol_spread_vixy', 'z_vol_skew_iwm', 'z_vol_skew_gld', 'ADR_smooth', 'zbt', 'Pct_Above_MA200', 'NH_NL_Ratio_smooth']",3,0.4363485872745514,2902.489990234375,0.872737073020474
"['volatility_dispersion', 'z_realized_implied_vixy', 'z_vol_skew_gld', 'ADR_smooth', 'Pct_Above_MA50', 'Pct_Above_MA200', 'NH_NL_Ratio_smooth', 'volum_surge']",3,0.43629997968673706,2031.8419189453125,0.7935830487397219
"['volatility_dispersion', 'z_vol_spread_vixy', 'z_vol_skew_iwm', 'z_vol_skew_gld', 'ADR_smooth', 'zbt', 'Pct_Above_MA200', 'volum_surge']",3,0.4357535243034363,1757.5189208984375,0.8203285321994765
"['volatility_dispersion', 'z_realized_implied_vixy', 'z_vol_spread_vixy', 'z_vol_skew_iwm', 'zbt', 'Pct_Above_MA200', 'NH_NL_Ratio_smooth', 'volum_surge']",4,0.43541234731674194,2440.245361328125,0.7800881637930844
"['volatility_dispersion', 'z_realized_implied_vixy', 'z_vol_spread_vixy', 'ADR_smooth', 'zbt', 'Pct_Above_MA200', 'NH_NL_Ratio_smooth', 'volum_surge']",3,0.4351004660129547,2207.3701171875,0.8665252982153954
"['volatility_dispersion', 'z_realized_implied_vixy', 'z_vol_spread_vixy', 'z_vol_skew_iwm', 'ADR_smooth', 'zbt', 'Pct_Above_MA200', 'NH_NL_Ratio_smooth', 'volum_surge']",4,0.4349638819694519,2578.85400390625,0.7907962223005534
"['z_realized_implied_vixy', 'z_vol_skew_iwm', 'z_vol_skew_gld', 'ADR_smooth', 'Pct_Above_MA50', 'Pct_Above_MA200', 'NH_NL_Ratio_smooth', 'volum_surge']",4,0.43416035175323486,3059.839111328125,0.8610444843951494
"['volatility_dispersion', 'z_realized_implied_vixy', 'z_vol_spread_vixy', 'z_vol_skew_gld', 'ADR_smooth', 'zbt', 'Pct_Above_MA200', 'NH_NL_Ratio_smooth', 'volum_surge']",3,0.43412119150161743,2584.18115234375,0.8870527723405685
"['z_realized_implied_vixy', 'z_vol_skew_iwm', 'z_vol_skew_gld', 'ADR_smooth', 'zbt', 'Pct_Above_MA200', 'NH_NL_Ratio_smooth', 'volum_surge']",3,0.4339345693588257,3118.368408203125,0.7692428908041681
"['volatility_dispersion', 'z_realized_implied_vixy', 'z_vol_spread_vixy', 'ADR_smooth', 'zbt', 'Pct_Above_MA50', 'NH_NL_Ratio_smooth', 'volum_surge']",4,0.43378105759620667,2508.982666015625,0.8711808593802862
"['z_vol_spread_vixy', 'z_vol_skew_iwm', 'ADR_smooth', 'zbt', 'Pct_Above_MA50', 'Pct_Above_MA200', 'NH_NL_Ratio_smooth', 'volum_surge']",3,0.4337374269962311,2744.1845703125,0.8099612128951396
"['volatility_dispersion', 'z_vol_spread_vixy', 'z_vol_skew_iwm', 'z_vol_skew_gld', 'ADR_smooth', 'Pct_Above_MA200', 'NH_NL_Ratio_smooth', 'volum_surge']",4,0.4335375726222992,2505.4169921875,0.8279364872264929
"['z_realized_implied_vixy', 'z_vol_spread_vixy', 'z_vol_skew_iwm', 'z_vol_skew_gld', 'ADR_smooth', 'Pct_Above_MA50', 'Pct_Above_MA200', 'NH_NL_Ratio_smooth', 'volum_surge']",4,0.43350836634635925,2249.728515625,0.7513068752674916
"['volatility_dispersion', 'z_vol_spread_vixy', 'z_vol_skew_iwm', 'z_vol_skew_gld', 'ADR_smooth', 'zbt', 'Pct_Above_MA200', 'NH_NL_Ratio_smooth', 'volum_surge']",4,0.4334794282913208,2438.832275390625,0.8250075160251624
"['volatility_dispersion', 'z_realized_implied_vixy', 'z_vol_skew_iwm', 'z_vol_skew_gld', 'ADR_smooth', 'zbt', 'Pct_Above_MA50', 'NH_NL_Ratio_smooth']",3,0.43313926458358765,2100.33544921875,0.8795093822901713
"['volatility_dispersion', 'z_realized_implied_vixy', 'z_vol_spread_vixy', 'z_vol_skew_iwm', 'z_vol_skew_gld', 'zbt', 'Pct_Above_MA200', 'NH_NL_Ratio_smooth', 'volum_surge']",3,0.4326283633708954,2392.746337890625,0.8635444163737819
"['z_realized_implied_vixy', 'z_vol_spread_vixy', 'z_vol_skew_iwm', 'z_vol_skew_gld', 'ADR_smooth', 'zbt', 'NH_NL_Ratio_smooth', 'volum_surge']",3,0.4321118891239166,2027.7760009765625,0.8255262353186704
"['volatility_dispersion', 'z_vol_spread_vixy', 'z_vol_skew_iwm', 'ADR_smooth', 'zbt', 'Pct_Above_MA50', 'Pct_Above_MA200', 'NH_NL_Ratio_smooth']",3,0.43164557218551636,2682.809814453125,0.8585632781765802
"['volatility_dispersion', 'z_realized_implied_vixy', 'z_vol_spread_vixy', 'z_vol_skew_gld', 'ADR_smooth', 'Pct_Above_MA200', 'NH_NL_Ratio_smooth', 'volum_surge']",4,0.4313720166683197,2883.3623046875,0.7585401642246234
"['z_realized_implied_vixy', 'z_vol_spread_vixy', 'z_vol_skew_gld', 'ADR_smooth', 'zbt', 'Pct_Above_MA50', 'Pct_Above_MA200', 'NH_NL_Ratio_smooth']",4,0.4310542047023773,2367.93408203125,0.7434858670773579
"['volatility_dispersion', 'z_vol_spread_vixy', 'z_vol_skew_iwm', 'z_vol_skew_gld', 'ADR_smooth', 'Pct_Above_MA50', 'Pct_Above_MA200', 'NH_NL_Ratio_smooth', 'volum_surge']",3,0.43046805262565613,1706.348876953125,0.9155776372108074
"['z_vol_skew_iwm', 'z_vol_skew_gld', 'ADR_smooth', 'zbt', 'Pct_Above_MA50', 'Pct_Above_MA200', 'NH_NL_Ratio_smooth', 'volum_surge']",3,0.43045318126678467,2766.066162109375,0.8257414999984145
"['volatility_dispersion', 'z_realized_implied_vixy', 'z_vol_spread_vixy', 'z_vol_skew_iwm', 'z_vol_skew_gld', 'ADR_smooth', 'Pct_Above_MA50', 'Pct_Above_MA200', 'NH_NL_Ratio_smooth']",3,0.43011361360549927,2757.204345703125,0.8925375299804843
"['volatility_dispersion', 'z_vol_spread_vixy', 'z_vol_skew_iwm', 'z_vol_skew_gld', 'Pct_Above_MA50', 'Pct_Above_MA200', 'NH_NL_Ratio_smooth', 'volum_surge']",4,0.43004950881004333,1953.1903076171875,0.8137109125584867
"['z_realized_implied_vixy', 'z_vol_skew_gld', 'ADR_smooth', 'zbt', 'Pct_Above_MA50', 'Pct_Above_MA200', 'NH_NL_Ratio_smooth', 'volum_surge']",3,0.42994531989097595,2721.084716796875,0.8674944401091986
"['volatility_dispersion', 'z_vol_spread_vixy', 'z_vol_skew_gld', 'ADR_smooth', 'zbt', 'Pct_Above_MA50', 'Pct_Above_MA200', 'NH_NL_Ratio_smooth', 'volum_surge']",3,0.4296673536300659,2063.440185546875,0.8239695141751584
"['volatility_dispersion', 'z_realized_implied_vixy', 'z_vol_skew_iwm', 'ADR_smooth', 'zbt', 'Pct_Above_MA200', 'NH_NL_Ratio_smooth', 'volum_surge']",4,0.42964762449264526,3020.472900390625,0.813578938492169
"['z_realized_implied_vixy', 'z_vol_skew_iwm', 'z_vol_skew_gld', 'ADR_smooth', 'zbt', 'Pct_Above_MA200', 'NH_NL_Ratio_smooth', 'volum_surge']",4,0.4292188882827759,2865.750732421875,0.9594545837191608
"['volatility_dispersion', 'z_realized_implied_vixy', 'z_vol_spread_vixy', 'z_vol_skew_iwm', 'z_vol_skew_gld', 'ADR_smooth', 'Pct_Above_MA50', 'NH_NL_Ratio_smooth', 'volum_surge']",3,0.4289402663707733,1899.224609375,0.8059093397917341
"['volatility_dispersion', 'z_realized_implied_vixy', 'z_vol_spread_vixy', 'z_vol_skew_gld', 'ADR_smooth', 'zbt', 'Pct_Above_MA200', 'NH_NL_Ratio_smooth', 'volum_surge']",4,0.42881736159324646,2608.224365234375,0.818660459303002
"['z_realized_implied_vixy', 'z_vol_spread_vixy', 'z_vol_skew_iwm', 'z_vol_skew_gld', 'ADR_smooth', 'Pct_Above_MA50', 'Pct_Above_MA200', 'volum_surge']",3,0.42868414521217346,2333.59765625,0.7711649743383412
"['volatility_dispersion', 'z_vol_spread_vixy', 'z_vol_skew_iwm', 'ADR_smooth', 'zbt', 'Pct_Above_MA200', 'NH_NL_Ratio_smooth', 'volum_surge']",3,0.428536057472229,3074.897216796875,0.8617886736435075
"['z_realized_implied_vixy', 'z_vol_spread_vixy', 'z_vol_skew_iwm', 'z_vol_skew_gld', 'ADR_smooth', 'Pct_Above_MA200', 'NH_NL_Ratio_smooth', 'volum_surge']",4,0.42801669239997864,2701.846923828125,0.7322166466010347
"['volatility_dispersion', 'z_realized_implied_vixy', 'z_vol_spread_vixy', 'z_vol_skew_iwm', 'ADR_smooth', 'Pct_Above_MA50', 'Pct_Above_MA200', 'NH_NL_Ratio_smooth', 'volum_surge']",3,0.4279843270778656,2184.56787109375,0.9153568522438206
"['volatility_dispersion', 'z_realized_implied_vixy', 'z_vol_skew_iwm', 'ADR_smooth', 'zbt', 'Pct_Above_MA50', 'Pct_Above_MA200', 'NH_NL_Ratio_smooth', 'volum_surge']",4,0.4277604818344116,2354.91064453125,0.929914711952194
"['volatility_dispersion', 'z_realized_implied_vixy', 'z_vol_spread_vixy', 'z_vol_skew_iwm', 'ADR_smooth', 'zbt', 'Pct_Above_MA50', 'NH_NL_Ratio_smooth']",4,0.4276263117790222,2292.332763671875,0.8725143120744061
"['z_realized_implied_vixy', 'z_vol_spread_vixy', 'z_vol_skew_iwm', 'z_vol_skew_gld', 'ADR_smooth', 'zbt', 'Pct_Above_MA200', 'NH_NL_Ratio_smooth', 'volum_surge']",3,0.42757946252822876,2924.96484375,0.9014958939888071
"['volatility_dispersion', 'z_realized_implied_vixy', 'z_vol_spread_vixy', 'z_vol_skew_iwm', 'z_vol_skew_gld', 'ADR_smooth', 'Pct_Above_MA50', 'NH_NL_Ratio_smooth']",4,0.42753779888153076,2029.48095703125,0.841597395724031
"['volatility_dispersion', 'z_realized_implied_vixy', 'z_vol_spread_vixy', 'z_vol_skew_gld', 'zbt', 'Pct_Above_MA50', 'Pct_Above_MA200', 'NH_NL_Ratio_smooth']",4,0.42720115184783936,2192.31884765625,0.7858808678236283
"['volatility_dispersion', 'z_realized_implied_vixy', 'z_vol_skew_iwm', 'z_vol_skew_gld', 'ADR_smooth', 'zbt', 'Pct_Above_MA50', 'NH_NL_Ratio_smooth', 'volum_surge']",4,0.42709943652153015,2079.65625,0.7652679168302575
"['z_realized_implied_vixy', 'z_vol_skew_gld', 'ADR_smooth', 'zbt', 'Pct_Above_MA50', 'Pct_Above_MA200', 'NH_NL_Ratio_smooth', 'volum_surge']",4,0.427089124917984,2422.82080078125,0.763662044984586
"['z_realized_implied_vixy', 'z_vol_skew_iwm', 'z_vol_skew_gld', 'ADR_smooth', 'zbt', 'Pct_Above_MA50', 'Pct_Above_MA200', 'NH_NL_Ratio_smooth', 'volum_surge']",4,0.4269463121891022,3377.593017578125,0.8650317158188581
"['volatility_dispersion', 'z_realized_implied_vixy', 'z_vol_skew_iwm', 'z_vol_skew_gld', 'zbt', 'Pct_Above_MA50', 'Pct_Above_MA200', 'volum_surge']",3,0.4264313280582428,3195.378662109375,0.8626477819987297
"['volatility_dispersion', 'z_realized_implied_vixy', 'z_vol_spread_vixy', 'z_vol_skew_gld', 'zbt', 'Pct_Above_MA200', 'NH_NL_Ratio_smooth', 'volum_surge']",3,0.4262598156929016,2122.437255859375,0.8678102230669752
"['volatility_dispersion', 'z_vol_skew_iwm', 'z_vol_skew_gld', 'zbt', 'Pct_Above_MA50', 'Pct_Above_MA200', 'NH_NL_Ratio_smooth', 'volum_surge']",4,0.42547789216041565,2658.3232421875,0.7873218813273835
"['volatility_dispersion', 'z_realized_implied_vixy', 'z_vol_spread_vixy', 'z_vol_skew_gld', 'ADR_smooth', 'Pct_Above_MA50', 'Pct_Above_MA200', 'NH_NL_Ratio_smooth']",3,0.4254247844219208,2434.510986328125,0.8923192189347494
"['volatility_dispersion', 'z_realized_implied_vixy', 'z_vol_spread_vixy', 'z_vol_skew_iwm', 'z_vol_skew_gld', 'Pct_Above_MA50', 'NH_NL_Ratio_smooth', 'volum_surge']",3,0.42532265186309814,1854.8311767578125,0.878371948565034
"['z_realized_implied_vixy', 'z_vol_spread_vixy', 'z_vol_skew_iwm', 'ADR_smooth', 'zbt', 'Pct_Above_MA50', 'Pct_Above_MA200', 'NH_NL_Ratio_smooth', 'volum_surge']",3,0.425283282995224,2212.94873046875,0.8975516066537041
"['volatility_dispersion', 'z_realized_implied_vixy', 'z_vol_spread_vixy', 'z_vol_skew_iwm', 'zbt', 'Pct_Above_MA200', 'NH_NL_Ratio_smooth', 'volum_surge']",3,0.4251597225666046,2233.570068359375,0.8929134447414963
"['volatility_dispersion', 'z_realized_implied_vixy', 'z_vol_skew_iwm', 'ADR_smooth', 'zbt', 'Pct_Above_MA50', 'Pct_Above_MA200', 'NH_NL_Ratio_smooth']",3,0.4251076281070709,2167.243896484375,0.8974262957575263
"['volatility_dispersion', 'z_realized_implied_vixy', 'z_vol_spread_vixy', 'z_vol_skew_iwm', 'z_vol_skew_gld', 'zbt', 'Pct_Above_MA50', 'Pct_Above_MA200', 'volum_surge']",4,0.4245390295982361,2807.108154296875,0.8397040206908142
"['volatility_dispersion', 'z_realized_implied_vixy', 'z_vol_spread_vixy', 'z_vol_skew_iwm', 'ADR_smooth', 'Pct_Above_MA50', 'NH_NL_Ratio_smooth', 'volum_surge']",4,0.42438095808029175,2264.9345703125,0.8347863992656996
"['volatility_dispersion', 'z_realized_implied_vixy', 'z_vol_skew_iwm', 'z_vol_skew_gld', 'ADR_smooth', 'zbt', 'Pct_Above_MA50', 'NH_NL_Ratio_smooth']",4,0.42377978563308716,2223.0908203125,0.8074013693088141
"['z_realized_implied_vixy', 'z_vol_spread_vixy', 'z_vol_skew_iwm', 'z_vol_skew_gld', 'zbt', 'Pct_Above_MA50', 'Pct_Above_MA200', 'NH_NL_Ratio_smooth']",4,0.4237752854824066,2595.271240234375,0.7968814893664717
"['volatility_dispersion', 'z_realized_implied_vixy', 'z_vol_spread_vixy', 'z_vol_skew_iwm', 'z_vol_skew_gld', 'zbt', 'Pct_Above_MA50', 'Pct_Above_MA200', 'NH_NL_Ratio_smooth', 'volum_surge']",3,0.42375698685646057,2301.658447265625,0.8791383856536429
"['volatility_dispersion', 'z_realized_implied_vixy', 'z_vol_spread_vixy', 'z_vol_skew_iwm', 'ADR_smooth', 'zbt', 'Pct_Above_MA50', 'NH_NL_Ratio_smooth', 'volum_surge']",3,0.423054575920105,1904.8013916015625,0.8337289696774967
"['z_vol_spread_vixy', 'z_vol_skew_iwm', 'z_vol_skew_gld', 'zbt', 'Pct_Above_MA50', 'Pct_Above_MA200', 'NH_NL_Ratio_smooth', 'volum_surge']",3,0.4227825999259949,2325.783935546875,0.8830230840054653
"['volatility_dispersion', 'z_realized_implied_vixy', 'z_vol_skew_iwm', 'ADR_smooth', 'zbt', 'Pct_Above_MA200', 'NH_NL_Ratio_smooth', 'volum_surge']",3,0.4226582944393158,2993.266845703125,0.9611295086404912
"['volatility_dispersion', 'z_vol_spread_vixy', 'z_vol_skew_gld', 'zbt', 'Pct_Above_MA50', 'Pct_Above_MA200', 'NH_NL_Ratio_smooth', 'volum_surge']",3,0.4221770763397217,2020.7789306640625,0.9032560486889823
"['volatility_dispersion', 'z_realized_implied_vixy', 'z_vol_spread_vixy', 'z_vol_skew_iwm', 'z_vol_skew_gld', 'ADR_smooth', 'zbt', 'Pct_Above_MA50', 'Pct_Above_MA200', 'NH_NL_Ratio_smooth', 'volum_surge']",3,0.4219314455986023,2643.004638671875,0.8747456582484029
"['z_realized_implied_vixy', 'z_vol_spread_vixy', 'z_vol_skew_iwm', 'z_vol_skew_gld', 'ADR_smooth', 'Pct_Above_MA50', 'Pct_Above_MA200', 'NH_NL_Ratio_smooth']",4,0.42167481780052185,2303.244873046875,0.7397346506239275
"['volatility_dispersion', 'z_realized_implied_vixy', 'z_vol_spread_vixy', 'z_vol_skew_iwm', 'z_vol_skew_gld', 'ADR_smooth', 'Pct_Above_MA50', 'NH_NL_Ratio_smooth', 'volum_surge']",4,0.42160728573799133,2134.560302734375,0.8012374676177538
"['volatility_dispersion', 'z_realized_implied_vixy', 'z_vol_skew_iwm', 'ADR_smooth', 'Pct_Above_MA50', 'Pct_Above_MA200', 'NH_NL_Ratio_smooth', 'volum_surge']",4,0.4214918315410614,2384.282470703125,0.9372181792493712
"['volatility_dispersion', 'z_realized_implied_vixy', 'z_vol_skew_iwm', 'ADR_smooth', 'Pct_Above_MA50', 'Pct_Above_MA200', 'NH_NL_Ratio_smooth', 'volum_surge']",3,0.4211728870868683,2195.619873046875,0.8970525601348269
"['volatility_dispersion', 'z_realized_implied_vixy', 'z_vol_spread_vixy', 'z_vol_skew_iwm', 'ADR_smooth', 'zbt', 'Pct_Above_MA50', 'Pct_Above_MA200', 'NH_NL_Ratio_smooth', 'volum_surge']",3,0.42104434967041016,2245.489013671875,0.9091766033182006
"['z_realized_implied_vixy', 'z_vol_spread_vixy', 'z_vol_skew_gld', 'ADR_smooth', 'Pct_Above_MA50', 'Pct_Above_MA200', 'NH_NL_Ratio_smooth', 'volum_surge']",3,0.420888751745224,2006.87744140625,0.9059721896195171
"['z_realized_implied_vixy', 'z_vol_spread_vixy', 'z_vol_skew_iwm', 'ADR_smooth', 'zbt', 'Pct_Above_MA50', 'NH_NL_Ratio_smooth', 'volum_surge']",3,0.4199804961681366,2194.85693359375,0.9139374530516325
"['volatility_dispersion', 'z_vol_spread_vixy', 'z_vol_skew_iwm', 'z_vol_skew_gld', 'ADR_smooth', 'zbt', 'Pct_Above_MA200', 'volum_surge']",4,0.41987133026123047,1992.1727294921875,0.9084295819984338
"['z_realized_implied_vixy', 'z_vol_spread_vixy', 'z_vol_skew_iwm', 'ADR_smooth', 'zbt', 'Pct_Above_MA200', 'NH_NL_Ratio_smooth', 'volum_surge']",4,0.41964030265808105,2489.822265625,0.8243758254622947
"['z_realized_implied_vixy', 'z_vol_spread_vixy', 'z_vol_skew_iwm', 'z_vol_skew_gld', 'ADR_smooth', 'zbt', 'Pct_Above_MA50', 'Pct_Above_MA200', 'NH_NL_Ratio_smooth']",3,0.4193982481956482,2461.18359375,0.8979133124321432
"['z_realized_implied_vixy', 'z_vol_spread_vixy', 'z_vol_skew_iwm', 'z_vol_skew_gld', 'zbt', 'Pct_Above_MA50', 'Pct_Above_MA200', 'volum_surge']",4,0.41929930448532104,3325.837890625,0.8690023370188078
"['z_realized_implied_vixy', 'z_vol_spread_vixy', 'z_vol_skew_iwm', 'z_vol_skew_gld', 'zbt', 'Pct_Above_MA50', 'Pct_Above_MA200', 'NH_NL_Ratio_smooth', 'volum_surge']",3,0.4190002977848053,2023.2266845703125,0.8904544331974148
"['z_realized_implied_vixy', 'z_vol_spread_vixy', 'z_vol_skew_gld', 'ADR_smooth', 'zbt', 'Pct_Above_MA50', 'NH_NL_Ratio_smooth', 'volum_surge']",4,0.41898486018180847,1989.27880859375,0.8567665551048521
"['volatility_dispersion', 'z_realized_implied_vixy', 'z_vol_skew_gld', 'ADR_smooth', 'zbt', 'Pct_Above_MA50', 'Pct_Above_MA200', 'volum_surge']",3,0.4188828468322754,2523.407958984375,0.8929818660190435
"['volatility_dispersion', 'z_vol_skew_iwm', 'z_vol_skew_gld', 'ADR_smooth', 'zbt', 'Pct_Above_MA200', 'NH_NL_Ratio_smooth', 'volum_surge']",4,0.4188825488090515,2715.655029296875,0.8248511691724124
"['volatility_dispersion', 'z_realized_implied_vixy', 'z_vol_skew_iwm', 'z_vol_skew_gld', 'zbt', 'Pct_Above_MA50', 'NH_NL_Ratio_smooth', 'volum_surge']",3,0.4184827506542206,2156.406005859375,0.8807351842430098
"['volatility_dispersion', 'z_realized_implied_vixy', 'z_vol_skew_gld', 'zbt', 'Pct_Above_MA50', 'Pct_Above_MA200', 'NH_NL_Ratio_smooth', 'volum_surge']",3,0.41743624210357666,1774.4136962890625,0.8991843235611685
"['volatility_dispersion', 'z_realized_implied_vixy', 'z_vol_skew_gld', 'ADR_smooth', 'zbt', 'Pct_Above_MA200', 'NH_NL_Ratio_smooth', 'volum_surge']",4,0.4173605144023895,2852.6982421875,0.9674725389597285
"['z_realized_implied_vixy', 'z_vol_spread_vixy', 'z_vol_skew_iwm', 'z_vol_skew_gld', 'ADR_smooth', 'Pct_Above_MA50', 'Pct_Above_MA200', 'NH_NL_Ratio_smooth', 'volum_surge']",3,0.41735371947288513,2204.277587890625,0.9154050009737196
"['volatility_dispersion', 'z_realized_implied_vixy', 'z_vol_spread_vixy', 'z_vol_skew_gld', 'ADR_smooth', 'Pct_Above_MA50', 'NH_NL_Ratio_smooth', 'volum_surge']",3,0.4173527657985687,1849.1888427734375,0.8679400625587851
"['z_realized_implied_vixy', 'z_vol_spread_vixy', 'z_vol_skew_iwm', 'z_vol_skew_gld', 'ADR_smooth', 'zbt', 'Pct_Above_MA200', 'NH_NL_Ratio_smooth']",4,0.4169420301914215,2710.48974609375,0.838879594819669
"['volatility_dispersion', 'z_vol_spread_vixy', 'z_vol_skew_iwm', 'z_vol_skew_gld', 'zbt', 'Pct_Above_MA200', 'NH_NL_Ratio_smooth', 'volum_surge']",3,0.4168705642223358,1771.8243408203125,0.9090180343132382
"['volatility_dispersion', 'z_realized_implied_vixy', 'z_vol_skew_iwm', 'z_vol_skew_gld', 'Pct_Above_MA50', 'Pct_Above_MA200', 'NH_NL_Ratio_smooth', 'volum_surge']",3,0.416864275932312,2083.7802734375,0.876748729150911
"['volatility_dispersion', 'z_realized_implied_vixy', 'z_vol_skew_iwm', 'z_vol_skew_gld', 'ADR_smooth', 'Pct_Above_MA50', 'Pct_Above_MA200', 'volum_surge']",3,0.4166751205921173,2999.631103515625,0.9123277285102663
"['volatility_dispersion', 'z_realized_implied_vixy', 'z_vol_spread_vixy', 'z_vol_skew_iwm', 'ADR_smooth', 'zbt', 'NH_NL_Ratio_smooth', 'volum_surge']",3,0.4166659414768219,2030.280517578125,0.8768087021899422
"['volatility_dispersion', 'z_realized_implied_vixy', 'z_vol_spread_vixy', 'z_vol_skew_iwm', 'ADR_smooth', 'zbt', 'Pct_Above_MA200', 'NH_NL_Ratio_smooth']",3,0.4164251685142517,2659.887451171875,0.9147545442987424
"['volatility_dispersion', 'z_realized_implied_vixy', 'z_vol_spread_vixy', 'zbt', 'Pct_Above_MA50', 'Pct_Above_MA200', 'NH_NL_Ratio_smooth', 'volum_surge']",3,0.41623637080192566,2156.798095703125,0.9396932141819653
"['volatility_dispersion', 'z_realized_implied_vixy', 'z_vol_spread_vixy', 'ADR_smooth', 'zbt', 'Pct_Above_MA50', 'Pct_Above_MA200', 'NH_NL_Ratio_smooth']",3,0.41574758291244507,2064.799072265625,0.923545758224423
"['volatility_dispersion', 'z_realized_implied_vixy', 'z_vol_spread_vixy', 'z_vol_skew_gld', 'zbt', 'Pct_Above_MA50', 'Pct_Above_MA200', 'NH_NL_Ratio_smooth']",3,0.41566652059555054,2123.54345703125,0.9127645214232188
"['z_realized_implied_vixy', 'z_vol_spread_vixy', 'z_vol_skew_iwm', 'z_vol_skew_gld', 'ADR_smooth', 'zbt', 'Pct_Above_MA200', 'volum_surge']",4,0.41552093625068665,2718.1103515625,0.9448818633257354
"['z_realized_implied_vixy', 'z_vol_spread_vixy', 'z_vol_skew_iwm', 'z_vol_skew_gld', 'ADR_smooth', 'zbt', 'Pct_Above_MA50', 'Pct_Above_MA200', 'NH_NL_Ratio_smooth', 'volum_surge']",4,0.41522735357284546,2287.877685546875,0.7879970374983322
"['volatility_dispersion', 'z_realized_implied_vixy', 'z_vol_spread_vixy', 'z_vol_skew_iwm', 'z_vol_skew_gld', 'ADR_smooth', 'zbt', 'Pct_Above_MA200', 'volum_surge']",3,0.41411060094833374,1604.361328125,0.9248886293758415
"['volatility_dispersion', 'z_realized_implied_vixy', 'z_vol_spread_vixy', 'z_vol_skew_gld', 'ADR_smooth', 'zbt', 'Pct_Above_MA50', 'Pct_Above_MA200', 'NH_NL_Ratio_smooth', 'volum_surge']",3,0.4139226973056793,1942.1025390625,0.9091562036811665
"['volatility_dispersion', 'z_vol_spread_vixy', 'ADR_smooth', 'zbt', 'Pct_Above_MA50', 'Pct_Above_MA200', 'NH_NL_Ratio_smooth', 'volum_surge']",4,0.41387635469436646,2945.27978515625,0.8592129277451154
"['z_realized_implied_vixy', 'z_vol_skew_iwm', 'z_vol_skew_gld', 'ADR_smooth', 'zbt', 'Pct_Above_MA50', 'Pct_Above_MA200', 'NH_NL_Ratio_smooth']",3,0.41385185718536377,2825.2451171875,0.8595176532199799
"['z_realized_implied_vixy', 'z_vol_spread_vixy', 'z_vol_skew_iwm', 'z_vol_skew_gld', 'ADR_smooth', 'zbt', 'NH_NL_Ratio_smooth', 'volum_surge']",4,0.41377827525138855,2181.984375,0.8668983758541883
"['z_realized_implied_vixy', 'z_vol_spread_vixy', 'z_vol_skew_iwm', 'z_vol_skew_gld', 'zbt', 'Pct_Above_MA50', 'Pct_Above_MA200', 'NH_NL_Ratio_smooth']",3,0.41352739930152893,2514.66748046875,0.8894252344127663
"['volatility_dispersion', 'z_vol_spread_vixy', 'z_vol_skew_iwm', 'ADR_smooth', 'zbt', 'Pct_Above_MA50', 'Pct_Above_MA200', 'NH_NL_Ratio_smooth', 'volum_surge']",3,0.4132446050643921,2519.087890625,0.8979540815993681
"['volatility_dispersion', 'z_realized_implied_vixy', 'z_vol_spread_vixy', 'z_vol_skew_iwm', 'z_vol_skew_gld', 'ADR_smooth', 'zbt', 'Pct_Above_MA200', 'volum_surge']",4,0.4131864011287689,3082.919677734375,0.9695720022925172
"['z_realized_implied_vixy', 'z_vol_spread_vixy', 'z_vol_skew_gld', 'ADR_smooth', 'zbt', 'Pct_Above_MA50', 'Pct_Above_MA200', 'volum_surge']",4,0.41291067004203796,3625.0263671875,0.9629090037406884
"['volatility_dispersion', 'z_realized_implied_vixy', 'z_vol_skew_iwm', 'z_vol_skew_gld', 'ADR_smooth', 'zbt', 'Pct_Above_MA50', 'Pct_Above_MA200']",4,0.41288822889328003,2951.740966796875,0.9030346464082657
"['volatility_dispersion', 'z_realized_implied_vixy', 'z_vol_skew_iwm', 'z_vol_skew_gld', 'zbt', 'Pct_Above_MA50', 'Pct_Above_MA200', 'NH_NL_Ratio_smooth']",3,0.4126845598220825,2069.583984375,0.9298254031553809
"['volatility_dispersion', 'z_realized_implied_vixy', 'z_vol_skew_iwm', 'ADR_smooth', 'zbt', 'Pct_Above_MA50', 'Pct_Above_MA200', 'NH_NL_Ratio_smooth', 'volum_surge']",3,0.4125808775424957,2156.874267578125,0.9116116476402277
"['z_realized_implied_vixy', 'z_vol_spread_vixy', 'z_vol_skew_iwm', 'z_vol_skew_gld', 'ADR_smooth', 'zbt', 'Pct_Above_MA200', 'NH_NL_Ratio_smooth', 'volum_surge']",4,0.4122079014778137,2843.602294921875,0.8117025232365331
"['volatility_dispersion', 'z_realized_implied_vixy', 'z_vol_skew_iwm', 'z_vol_skew_gld', 'ADR_smooth', 'zbt', 'Pct_Above_MA50', 'Pct_Above_MA200', 'NH_NL_Ratio_smooth']",4,0.4120074212551117,2238.62353515625,0.9157113628957912
"['volatility_dispersion', 'z_realized_implied_vixy', 'ADR_smooth', 'zbt', 'Pct_Above_MA50', 'Pct_Above_MA200', 'NH_NL_Ratio_smooth', 'volum_surge']",4,0.41190382838249207,2484.87890625,0.9410208314334971
"['volatility_dispersion', 'z_realized_implied_vixy', 'z_vol_skew_iwm', 'z_vol_skew_gld', 'ADR_smooth', 'zbt', 'Pct_Above_MA50', 'Pct_Above_MA200', 'NH_NL_Ratio_smooth', 'volum_surge']",3,0.41172829270362854,2555.072021484375,0.9022547867574872
"['z_realized_implied_vixy', 'z_vol_spread_vixy', 'z_vol_skew_iwm', 'ADR_smooth', 'zbt', 'Pct_Above_MA50', 'NH_NL_Ratio_smooth', 'volum_surge']",4,0.4116936922073364,2063.239501953125,0.779498432552955
"['volatility_dispersion', 'z_realized_implied_vixy', 'z_vol_spread_vixy', 'z_vol_skew_gld', 'Pct_Above_MA50', 'Pct_Above_MA200', 'NH_NL_Ratio_smooth', 'volum_surge']",3,0.4112522602081299,1846.161376953125,0.9352318962344697
"['volatility_dispersion', 'z_vol_spread_vixy', 'z_vol_skew_iwm', 'z_vol_skew_gld', 'ADR_smooth', 'zbt', 'Pct_Above_MA50', 'Pct_Above_MA200']",3,0.4111732542514801,2249.095458984375,0.9221662577069938
"['z_realized_implied_vixy', 'z_vol_spread_vixy', 'z_vol_skew_iwm', 'z_vol_skew_gld', 'ADR_smooth', 'zbt', 'Pct_Above_MA50', 'Pct_Above_MA200', 'NH_NL_Ratio_smooth', 'volum_surge']",3,0.41098013520240784,2277.1103515625,0.905453978945718
"['volatility_dispersion', 'z_realized_implied_vixy', 'z_vol_spread_vixy', 'z_vol_skew_gld', 'ADR_smooth', 'Pct_Above_MA50', 'Pct_Above_MA200', 'NH_NL_Ratio_smooth', 'volum_surge']",3,0.4109356701374054,1972.06298828125,0.942169824751374
"['volatility_dispersion', 'z_realized_implied_vixy', 'z_vol_spread_vixy', 'z_vol_skew_iwm', 'z_vol_skew_gld', 'ADR_smooth', 'zbt', 'Pct_Above_MA200']",4,0.410675972700119,3686.3193359375,0.9797296240298321
"['volatility_dispersion', 'z_realized_implied_vixy', 'z_vol_spread_vixy', 'z_vol_skew_iwm', 'z_vol_skew_gld', 'ADR_smooth', 'Pct_Above_MA200', 'NH_NL_Ratio_smooth', 'volum_surge']",4,0.4104302227497101,2750.37744140625,0.8463750993275246
"['volatility_dispersion', 'z_realized_implied_vixy', 'z_vol_spread_vixy', 'z_vol_skew_iwm', 'ADR_smooth', 'zbt', 'Pct_Above_MA200', 'NH_NL_Ratio_smooth']",4,0.4094567596912384,2661.538818359375,0.8546534921970846
"['volatility_dispersion', 'z_realized_implied_vixy', 'z_vol_spread_vixy', 'z_vol_skew_iwm', 'z_vol_skew_gld', 'ADR_smooth', 'zbt', 'Pct_Above_MA50', 'NH_NL_Ratio_smooth', 'volum_surge']",4,0.40933242440223694,2128.23974609375,0.8729847504851693
"['z_realized_implied_vixy', 'z_vol_spread_vixy', 'z_vol_skew_gld', 'zbt', 'Pct_Above_MA50', 'Pct_Above_MA200', 'NH_NL_Ratio_smooth', 'volum_surge']",4,0.4087415039539337,1945.907958984375,0.7824521737288677
"['volatility_dispersion', 'z_realized_implied_vixy', 'z_vol_spread_vixy', 'z_vol_skew_iwm', 'ADR_smooth', 'zbt', 'Pct_Above_MA200', 'NH_NL_Ratio_smooth', 'volum_surge']",3,0.4086729884147644,2262.293212890625,0.9153837237205386
"['z_realized_implied_vixy', 'z_vol_spread_vixy', 'z_vol_skew_gld', 'ADR_smooth', 'zbt', 'Pct_Above_MA50', 'Pct_Above_MA200', 'NH_NL_Ratio_smooth', 'volum_surge']",3,0.408567875623703,2173.260986328125,0.917902909321468
"['z_realized_implied_vixy', 'z_vol_spread_vixy', 'z_vol_skew_gld', 'ADR_smooth', 'zbt', 'Pct_Above_MA50', 'Pct_Above_MA200', 'NH_NL_Ratio_smooth']",3,0.4079449474811554,2393.845458984375,0.9520444355695998
"['volatility_dispersion', 'z_realized_implied_vixy', 'z_vol_skew_gld', 'ADR_smooth', 'zbt', 'Pct_Above_MA50', 'NH_NL_Ratio_smooth', 'volum_surge']",3,0.4076118469238281,2475.073486328125,0.9208781588417673
"['z_vol_spread_vixy', 'z_vol_skew_gld', 'ADR_smooth', 'zbt', 'Pct_Above_MA50', 'Pct_Above_MA200', 'NH_NL_Ratio_smooth', 'volum_surge']",3,0.4071282744407654,2431.181884765625,0.8830441310556729
"['volatility_dispersion', 'z_realized_implied_vixy', 'ADR_smooth', 'zbt', 'Pct_Above_MA50', 'Pct_Above_MA200', 'NH_NL_Ratio_smooth', 'volum_surge']",3,0.4070536494255066,2318.78369140625,0.8314082035011148
"['volatility_dispersion', 'z_realized_implied_vixy', 'z_vol_spread_vixy', 'z_vol_skew_iwm', 'z_vol_skew_gld', 'Pct_Above_MA50', 'Pct_Above_MA200', 'NH_NL_Ratio_smooth']",3,0.4065173268318176,2008.04541015625,0.8841218441462365
"['z_realized_implied_vixy', 'z_vol_spread_vixy', 'z_vol_skew_gld', 'zbt', 'Pct_Above_MA50', 'Pct_Above_MA200', 'NH_NL_Ratio_smooth', 'volum_surge']",3,0.4063749611377716,1952.730712890625,0.9177507036293119
"['volatility_dispersion', 'z_realized_implied_vixy', 'z_vol_spread_vixy', 'z_vol_skew_iwm', 'z_vol_skew_gld', 'ADR_smooth', 'Pct_Above_MA50', 'Pct_Above_MA200', 'NH_NL_Ratio_smooth', 'volum_surge']",3,0.40635716915130615,2262.63525390625,0.9268804787343714
"['volatility_dispersion', 'z_realized_implied_vixy', 'z_vol_spread_vixy', 'z_vol_skew_iwm', 'z_vol_skew_gld', 'Pct_Above_MA50', 'Pct_Above_MA200', 'NH_NL_Ratio_smooth', 'volum_surge']",3,0.40635615587234497,1694.24267578125,0.8987942705641725
"['volatility_dispersion', 'z_vol_spread_vixy', 'z_vol_skew_gld', 'ADR_smooth', 'zbt', 'Pct_Above_MA50', 'NH_NL_Ratio_smooth', 'volum_surge']",3,0.40635207295417786,2278.706787109375,0.8470237220787281
"['volatility_dispersion', 'z_realized_implied_vixy', 'z_vol_skew_iwm', 'z_vol_skew_gld', 'ADR_smooth', 'zbt', 'Pct_Above_MA50', 'Pct_Above_MA200', 'volum_surge']",4,0.4063440263271332,2865.212646484375,1.0778404687824197
"['volatility_dispersion', 'z_realized_implied_vixy', 'z_vol_spread_vixy', 'z_vol_skew_iwm', 'z_vol_skew_gld', 'zbt', 'Pct_Above_MA50', 'Pct_Above_MA200', 'NH_NL_Ratio_smooth', 'volum_surge']",4,0.40610578656196594,2263.37255859375,0.8270232943734661
"['z_realized_implied_vixy', 'z_vol_spread_vixy', 'z_vol_skew_iwm', 'z_vol_skew_gld', 'ADR_smooth', 'Pct_Above_MA50', 'Pct_Above_MA200', 'NH_NL_Ratio_smooth']",3,0.4058907926082611,2197.10498046875,0.9011651992754364
"['z_vol_skew_iwm', 'z_vol_skew_gld', 'ADR_smooth', 'zbt', 'Pct_Above_MA50', 'Pct_Above_MA200', 'NH_NL_Ratio_smooth', 'volum_surge']",4,0.40500983595848083,2763.450439453125,0.8968239197841704
"['volatility_dispersion', 'z_realized_implied_vixy', 'z_vol_spread_vixy', 'z_vol_skew_iwm', 'z_vol_skew_gld', 'zbt', 'Pct_Above_MA50', 'NH_NL_Ratio_smooth']",3,0.404884934425354,1896.9779052734375,0.8877174746600082
"['volatility_dispersion', 'z_vol_spread_vixy', 'z_vol_skew_gld', 'ADR_smooth', 'Pct_Above_MA50', 'Pct_Above_MA200', 'NH_NL_Ratio_smooth', 'volum_surge']",3,0.40444421768188477,1918.399169921875,0.9410669971929675
"['volatility_dispersion', 'z_realized_implied_vixy', 'z_vol_skew_iwm', 'z_vol_skew_gld', 'zbt', 'Pct_Above_MA50', 'Pct_Above_MA200', 'NH_NL_Ratio_smooth', 'volum_surge']",4,0.40423858165740967,1979.9300537109375,0.8895843321717988
"['volatility_dispersion', 'z_realized_implied_vixy', 'z_vol_spread_vixy', 'z_vol_skew_iwm', 'z_vol_skew_gld', 'Pct_Above_MA50', 'Pct_Above_MA200', 'NH_NL_Ratio_smooth', 'volum_surge']",4,0.4042235314846039,1780.4185791015625,0.8776828564311271
"['volatility_dispersion', 'z_vol_skew_iwm', 'z_vol_skew_gld', 'ADR_smooth', 'zbt', 'Pct_Above_MA50', 'Pct_Above_MA200', 'NH_NL_Ratio_smooth', 'volum_surge']",3,0.4041922092437744,2712.565185546875,0.856586729267228
"['volatility_dispersion', 'z_realized_implied_vixy', 'z_vol_spread_vixy', 'z_vol_skew_iwm', 'z_vol_skew_gld', 'zbt', 'Pct_Above_MA200', 'volum_surge']",4,0.4040485620498657,3773.536376953125,0.9347807519968587
"['volatility_dispersion', 'z_realized_implied_vixy', 'z_vol_spread_vixy', 'z_vol_skew_iwm', 'ADR_smooth', 'Pct_Above_MA50', 'NH_NL_Ratio_smooth', 'volum_surge']",3,0.403887540102005,1843.1295166015625,0.8853018802715505
"['volatility_dispersion', 'z_realized_implied_vixy', 'z_vol_spread_vixy', 'z_vol_skew_iwm', 'z_vol_skew_gld', 'ADR_smooth', 'zbt', 'Pct_Above_MA200', 'NH_NL_Ratio_smooth', 'volum_surge']",4,0.4035794734954834,2786.26025390625,0.8249711806412579
"['volatility_dispersion', 'z_vol_spread_vixy', 'z_vol_skew_iwm', 'ADR_smooth', 'zbt', 'Pct_Above_MA50', 'Pct_Above_MA200', 'NH_NL_Ratio_smooth']",4,0.403487890958786,2830.08740234375,0.8919780849260417
"['z_vol_spread_vixy', 'z_vol_skew_iwm', 'z_vol_skew_gld', 'ADR_smooth', 'Pct_Above_MA50', 'Pct_Above_MA200', 'NH_NL_Ratio_smooth', 'volum_surge']",3,0.4031863808631897,2515.367919921875,0.8997375028118889
"['z_realized_implied_vixy', 'z_vol_spread_vixy', 'ADR_smooth', 'zbt', 'Pct_Above_MA50', 'Pct_Above_MA200', 'NH_NL_Ratio_smooth', 'volum_surge']",4,0.40289488434791565,2127.287841796875,0.7717264636424689
"['volatility_dispersion', 'z_vol_spread_vixy', 'z_vol_skew_iwm', 'z_vol_skew_gld', 'ADR_smooth', 'zbt', 'Pct_Above_MA200', 'NH_NL_Ratio_smooth', 'volum_surge']",3,0.402336984872818,2428.807861328125,0.9547511363636101
"['volatility_dispersion', 'z_realized_implied_vixy', 'z_vol_spread_vixy', 'z_vol_skew_iwm', 'z_vol_skew_gld', 'ADR_smooth', 'Pct_Above_MA50', 'Pct_Above_MA200']",4,0.4020059406757355,3081.253662109375,1.2735104928139989
"['volatility_dispersion', 'z_realized_implied_vixy', 'z_vol_spread_vixy', 'z_vol_skew_iwm', 'z_vol_skew_gld', 'ADR_smooth', 'zbt', 'Pct_Above_MA50', 'NH_NL_Ratio_smooth']",3,0.40163153409957886,1689.5008544921875,0.907017849017515
"['z_realized_implied_vixy', 'z_vol_spread_vixy', 'z_vol_skew_gld', 'ADR_smooth', 'zbt', 'Pct_Above_MA50', 'NH_NL_Ratio_smooth', 'volum_surge']",3,0.40155017375946045,1866.01513671875,0.9787097278620163
"['z_realized_implied_vixy', 'z_vol_spread_vixy', 'z_vol_skew_iwm', 'ADR_smooth', 'zbt', 'Pct_Above_MA200', 'NH_NL_Ratio_smooth', 'volum_surge']",3,0.40139439702033997,2326.61474609375,0.9776636300016385
"['volatility_dispersion', 'z_realized_implied_vixy', 'z_vol_spread_vixy', 'z_vol_skew_iwm', 'z_vol_skew_gld', 'zbt', 'NH_NL_Ratio_smooth', 'volum_surge']",3,0.4011293947696686,1853.146240234375,0.8654791737995419
"['volatility_dispersion', 'z_realized_implied_vixy', 'z_vol_skew_iwm', 'ADR_smooth', 'zbt', 'Pct_Above_MA50', 'NH_NL_Ratio_smooth', 'volum_surge']",3,0.4005860686302185,2087.270751953125,0.9264574730911274
"['volatility_dispersion', 'z_realized_implied_vixy', 'z_vol_spread_vixy', 'z_vol_skew_iwm', 'z_vol_skew_gld', 'Pct_Above_MA50', 'Pct_Above_MA200', 'volum_surge']",4,0.4005676805973053,3467.59716796875,0.986064088524259
"['volatility_dispersion', 'z_realized_implied_vixy', 'z_vol_skew_iwm', 'z_vol_skew_gld', 'ADR_smooth', 'Pct_Above_MA50', 'Pct_Above_MA200', 'NH_NL_Ratio_smooth', 'volum_surge']",4,0.39980563521385193,2154.17236328125,0.8526149932621254
"['volatility_dispersion', 'z_vol_skew_gld', 'ADR_smooth', 'zbt', 'Pct_Above_MA50', 'Pct_Above_MA200', 'NH_NL_Ratio_smooth', 'volum_surge']",4,0.3993968367576599,1997.90576171875,0.8455013355584142
"['z_realized_implied_vixy', 'z_vol_spread_vixy', 'z_vol_skew_iwm', 'z_vol_skew_gld', 'ADR_smooth', 'zbt', 'Pct_Above_MA50', 'NH_NL_Ratio_smooth', 'volum_surge']",3,0.39911049604415894,1902.9302978515625,0.8947572164486731
"['volatility_dispersion', 'z_realized_implied_vixy', 'z_vol_spread_vixy', 'z_vol_skew_iwm', 'ADR_smooth', 'Pct_Above_MA50', 'Pct_Above_MA200', 'volum_surge']",4,0.39906278252601624,2827.3515625,0.9092916788000159
"['z_realized_implied_vixy', 'z_vol_spread_vixy', 'z_vol_skew_iwm', 'ADR_smooth', 'zbt', 'Pct_Above_MA50', 'Pct_Above_MA200', 'volum_surge']",4,0.39899659156799316,3084.7060546875,1.1122333108104516
"['volatility_dispersion', 'z_realized_implied_vixy', 'z_vol_skew_iwm', 'ADR_smooth', 'zbt', 'Pct_Above_MA50', 'NH_NL_Ratio_smooth', 'volum_surge']",4,0.3989863097667694,2030.6298828125,0.9372774709932701
"['volatility_dispersion', 'z_realized_implied_vixy', 'z_vol_spread_vixy', 'z_vol_skew_gld', 'ADR_smooth', 'Pct_Above_MA50', 'Pct_Above_MA200', 'volum_surge']",4,0.39891836047172546,2868.579833984375,0.9874763672315316
"['volatility_dispersion', 'z_realized_implied_vixy', 'z_vol_spread_vixy', 'z_vol_skew_gld', 'zbt', 'Pct_Above_MA50', 'Pct_Above_MA200', 'NH_NL_Ratio_smooth', 'volum_surge']",3,0.39882203936576843,1779.1561279296875,0.9464967103993449
"['volatility_dispersion', 'z_realized_implied_vixy', 'z_vol_spread_vixy', 'z_vol_skew_iwm', 'z_vol_skew_gld', 'ADR_smooth', 'Pct_Above_MA50', 'Pct_Above_MA200', 'NH_NL_Ratio_smooth', 'volum_surge']",4,0.39873895049095154,1770.0653076171875,0.8752328033446097
"['volatility_dispersion', 'z_realized_implied_vixy', 'z_vol_spread_vixy', 'z_vol_skew_iwm', 'z_vol_skew_gld', 'ADR_smooth', 'Pct_Above_MA50', 'Pct_Above_MA200', 'volum_surge']",4,0.39872077107429504,2177.946044921875,1.0711484061877756
"['z_realized_implied_vixy', 'z_vol_skew_iwm', 'z_vol_skew_gld', 'ADR_smooth', 'Pct_Above_MA50', 'Pct_Above_MA200', 'NH_NL_Ratio_smooth', 'volum_surge']",3,0.3986782729625702,2525.581787109375,0.9606486984693648
"['z_realized_implied_vixy', 'z_vol_spread_vixy', 'z_vol_skew_iwm', 'z_vol_skew_gld', 'ADR_smooth', 'Pct_Above_MA50', 'NH_NL_Ratio_smooth', 'volum_surge']",4,0.39845436811447144,1947.300048828125,0.8747615139132613
"['volatility_dispersion', 'z_realized_implied_vixy', 'z_vol_spread_vixy', 'z_vol_skew_iwm', 'z_vol_skew_gld', 'ADR_smooth', 'Pct_Above_MA50', 'Pct_Above_MA200', 'NH_NL_Ratio_smooth']",4,0.3983009159564972,2570.53955078125,0.8735642294258519
"['volatility_dispersion', 'z_realized_implied_vixy', 'z_vol_skew_gld', 'ADR_smooth', 'Pct_Above_MA50', 'Pct_Above_MA200', 'NH_NL_Ratio_smooth', 'volum_surge']",4,0.39818185567855835,1986.0775146484375,0.9970470405749414
"['volatility_dispersion', 'z_realized_implied_vixy', 'z_vol_spread_vixy', 'z_vol_skew_iwm', 'z_vol_skew_gld', 'Pct_Above_MA50', 'NH_NL_Ratio_smooth', 'volum_surge']",4,0.39804303646087646,1913.0712890625,0.8449592434221409
"['z_realized_implied_vixy', 'z_vol_spread_vixy', 'z_vol_skew_gld', 'ADR_smooth', 'zbt', 'Pct_Above_MA50', 'Pct_Above_MA200', 'NH_NL_Ratio_smooth', 'volum_surge']",4,0.397614061832428,2190.9931640625,0.8042005427527149
"['volatility_dispersion', 'z_realized_implied_vixy', 'z_vol_spread_vixy', 'z_vol_skew_iwm', 'z_vol_skew_gld', 'ADR_smooth', 'Pct_Above_MA200', 'volum_surge']",4,0.397577166557312,3200.388671875,0.9972449956617886
"['volatility_dispersion', 'z_realized_implied_vixy', 'z_vol_spread_vixy', 'z_vol_skew_iwm', 'zbt', 'Pct_Above_MA50', 'NH_NL_Ratio_smooth', 'volum_surge']",3,0.3975272476673126,1925.326416015625,0.8834179809296504
"['volatility_dispersion', 'z_vol_skew_gld', 'ADR_smooth', 'zbt', 'Pct_Above_MA50', 'Pct_Above_MA200', 'NH_NL_Ratio_smooth', 'volum_surge']",3,0.3971143066883087,2112.378173828125,0.895161284655491
"['volatility_dispersion', 'z_vol_spread_vixy', 'z_vol_skew_iwm', 'z_vol_skew_gld', 'ADR_smooth', 'zbt', 'Pct_Above_MA50', 'volum_surge']",3,0.39676132798194885,1661.274169921875,0.9269378698170546
"['volatility_dispersion', 'z_vol_skew_iwm', 'z_vol_skew_gld', 'ADR_smooth', 'Pct_Above_MA50', 'Pct_Above_MA200', 'NH_NL_Ratio_smooth', 'volum_surge']",3,0.3965144455432892,2499.244140625,0.8618845901240495
"['z_realized_implied_vixy', 'z_vol_spread_vixy', 'z_vol_skew_iwm', 'z_vol_skew_gld', 'ADR_smooth', 'zbt', 'Pct_Above_MA50', 'NH_NL_Ratio_smooth', 'volum_surge']",4,0.39651191234588623,1846.2598876953125,0.8630564372297956
"['volatility_dispersion', 'z_realized_implied_vixy', 'z_vol_spread_vixy', 'z_vol_skew_gld', 'zbt', 'Pct_Above_MA50', 'Pct_Above_MA200', 'volum_surge']",4,0.3963530361652374,3044.998291015625,0.8948826340017755
"['z_realized_implied_vixy', 'z_vol_spread_vixy', 'z_vol_skew_iwm', 'z_vol_skew_gld', 'ADR_smooth', 'zbt', 'Pct_Above_MA50', 'Pct_Above_MA200', 'volum_surge']",4,0.39564621448516846,2829.704833984375,0.9704472087692275
"['volatility_dispersion', 'z_realized_implied_vixy', 'z_vol_skew_iwm', 'z_vol_skew_gld', 'Pct_Above_MA50', 'Pct_Above_MA200', 'NH_NL_Ratio_smooth', 'volum_surge']",4,0.3951871395111084,2100.86474609375,0.9138426127672521
"['z_realized_implied_vixy', 'z_vol_skew_iwm', 'ADR_smooth', 'zbt', 'Pct_Above_MA50', 'Pct_Above_MA200', 'NH_NL_Ratio_smooth', 'volum_surge']",3,0.39513611793518066,2663.3486328125,0.9853263918617486
"['z_realized_implied_vixy', 'z_vol_spread_vixy', 'z_vol_skew_iwm', 'z_vol_skew_gld', 'ADR_smooth', 'Pct_Above_MA50', 'Pct_Above_MA200', 'volum_surge']",4,0.39480018615722656,2445.970703125,0.976735472200398
"['z_realized_implied_vixy', 'z_vol_spread_vixy', 'z_vol_skew_iwm', 'zbt', 'Pct_Above_MA50', 'Pct_Above_MA200', 'NH_NL_Ratio_smooth', 'volum_surge']",4,0.39457231760025024,2266.688720703125,0.9577121534922945
"['volatility_dispersion', 'z_realized_implied_vixy', 'z_vol_skew_iwm', 'z_vol_skew_gld', 'ADR_smooth', 'zbt', 'Pct_Above_MA50', 'Pct_Above_MA200', 'NH_NL_Ratio_smooth', 'volum_surge']",4,0.3939725160598755,2468.535400390625,0.9023835798537716
"['volatility_dispersion', 'z_vol_skew_iwm', 'z_vol_skew_gld', 'ADR_smooth', 'zbt', 'Pct_Above_MA200', 'NH_NL_Ratio_smooth', 'volum_surge']",3,0.39367327094078064,2470.451904296875,0.8553070909655442
"['volatility_dispersion', 'z_vol_spread_vixy', 'z_vol_skew_iwm', 'z_vol_skew_gld', 'ADR_smooth', 'zbt', 'Pct_Above_MA50', 'Pct_Above_MA200', 'NH_NL_Ratio_smooth', 'volum_surge']",3,0.39340052008628845,1853.189453125,0.9862417886500884
"['volatility_dispersion', 'z_realized_implied_vixy', 'z_vol_spread_vixy', 'z_vol_skew_gld', 'ADR_smooth', 'zbt', 'Pct_Above_MA50', 'Pct_Above_MA200', 'NH_NL_Ratio_smooth']",3,0.39329808950424194,2243.498046875,0.8867209305466751
"['volatility_dispersion', 'z_realized_implied_vixy', 'z_vol_skew_iwm', 'z_vol_skew_gld', 'ADR_smooth', 'zbt', 'NH_NL_Ratio_smooth', 'volum_surge']",3,0.3932949900627136,1326.337158203125,0.9539879005548734
"['volatility_dispersion', 'z_realized_implied_vixy', 'z_vol_skew_iwm', 'z_vol_skew_gld', 'ADR_smooth', 'Pct_Above_MA50', 'Pct_Above_MA200', 'NH_NL_Ratio_smooth', 'volum_surge']",3,0.39317524433135986,2234.190673828125,0.936539326030573
"['volatility_dispersion', 'z_realized_implied_vixy', 'z_vol_spread_vixy', 'z_vol_skew_gld', 'zbt', 'Pct_Above_MA50', 'NH_NL_Ratio_smooth', 'volum_surge']",3,0.3931417465209961,1912.92822265625,0.8893372000360474
"['volatility_dispersion', 'z_realized_implied_vixy', 'z_vol_spread_vixy', 'z_vol_skew_iwm', 'z_vol_skew_gld', 'ADR_smooth', 'zbt', 'Pct_Above_MA50', 'NH_NL_Ratio_smooth']",4,0.39284083247184753,1731.4091796875,0.8540090569917438
"['volatility_dispersion', 'z_vol_spread_vixy', 'z_vol_skew_iwm', 'ADR_smooth', 'zbt', 'Pct_Above_MA50', 'Pct_Above_MA200', 'volum_surge']",3,0.39248374104499817,2142.416259765625,0.9951445588842205
"['z_realized_implied_vixy', 'z_vol_spread_vixy', 'z_vol_skew_gld', 'ADR_smooth', 'Pct_Above_MA50', 'Pct_Above_MA200', 'NH_NL_Ratio_smooth', 'volum_surge']",4,0.3924807906150818,1992.171630859375,0.8246490508091848
"['volatility_dispersion', 'z_realized_implied_vixy', 'z_vol_skew_iwm', 'z_vol_skew_gld', 'ADR_smooth', 'zbt', 'Pct_Above_MA200', 'NH_NL_Ratio_smooth']",4,0.3924614191055298,2460.931396484375,0.9298780226550778
"['volatility_dispersion', 'z_vol_spread_vixy', 'z_vol_skew_iwm', 'ADR_smooth', 'zbt', 'Pct_Above_MA200', 'NH_NL_Ratio_smooth', 'volum_surge']",4,0.3919755220413208,2533.02734375,0.9327475007543649
"['volatility_dispersion', 'z_vol_spread_vixy', 'z_vol_skew_iwm', 'z_vol_skew_gld', 'Pct_Above_MA50', 'Pct_Above_MA200', 'NH_NL_Ratio_smooth', 'volum_surge']",3,0.39167118072509766,1550.4609375,1.0933471405557116
"['z_realized_implied_vixy', 'z_vol_spread_vixy', 'z_vol_skew_iwm', 'z_vol_skew_gld', 'ADR_smooth', 'Pct_Above_MA50', 'NH_NL_Ratio_smooth', 'volum_surge']",3,0.3916510343551636,1846.3377685546875,0.9743869860220217
"['volatility_dispersion', 'z_vol_spread_vixy', 'z_vol_skew_iwm', 'ADR_smooth', 'zbt', 'Pct_Above_MA50', 'Pct_Above_MA200', 'NH_NL_Ratio_smooth', 'volum_surge']",4,0.39084330201148987,2080.8046875,0.889863986110181
"['volatility_dispersion', 'z_vol_spread_vixy', 'z_vol_skew_iwm', 'z_vol_skew_gld', 'ADR_smooth', 'Pct_Above_MA50', 'NH_NL_Ratio_smooth', 'volum_surge']",4,0.3905704915523529,1994.9794921875,0.8218473070999719
"['volatility_dispersion', 'z_realized_implied_vixy', 'z_vol_skew_iwm', 'zbt', 'Pct_Above_MA50', 'Pct_Above_MA200', 'NH_NL_Ratio_smooth', 'volum_surge']",4,0.390302449464798,2416.81982421875,1.0084762467588515
"['volatility_dispersion', 'z_realized_implied_vixy', 'z_vol_spread_vixy', 'z_vol_skew_gld', 'ADR_smooth', 'Pct_Above_MA50', 'Pct_Above_MA200', 'NH_NL_Ratio_smooth', 'volum_surge']",4,0.3902689814567566,1946.8348388671875,0.8191583765655376
"['z_realized_implied_vixy', 'z_vol_spread_vixy', 'z_vol_skew_iwm', 'z_vol_skew_gld', 'zbt', 'Pct_Above_MA50', 'NH_NL_Ratio_smooth', 'volum_surge']",3,0.39016610383987427,1809.3140869140625,0.9127794517191705
"['volatility_dispersion', 'z_realized_implied_vixy', 'z_vol_spread_vixy', 'z_vol_skew_iwm', 'z_vol_skew_gld', 'zbt', 'Pct_Above_MA50', 'NH_NL_Ratio_smooth', 'volum_surge']",3,0.3900130093097687,1657.695068359375,0.900896871112962
"['volatility_dispersion', 'z_realized_implied_vixy', 'z_vol_spread_vixy', 'z_vol_skew_iwm', 'ADR_smooth', 'zbt', 'Pct_Above_MA50', 'Pct_Above_MA200']",4,0.389420747756958,2824.685546875,0.820095723703546
"['volatility_dispersion', 'z_vol_spread_vixy', 'z_vol_skew_iwm', 'z_vol_skew_gld', 'ADR_smooth', 'Pct_Above_MA50', 'Pct_Above_MA200', 'NH_NL_Ratio_smooth']",4,0.38892754912376404,1851.140625,0.9079017105615345
"['volatility_dispersion', 'z_realized_implied_vixy', 'z_vol_skew_iwm', 'z_vol_skew_gld', 'ADR_smooth', 'Pct_Above_MA50', 'NH_NL_Ratio_smooth', 'volum_surge']",3,0.3888532221317291,2236.0341796875,0.8949470219616655
"['volatility_dispersion', 'z_vol_spread_vixy', 'z_vol_skew_iwm', 'z_vol_skew_gld', 'zbt', 'Pct_Above_MA50', 'Pct_Above_MA200', 'volum_surge']",3,0.38856056332588196,1781.28515625,1.000224251122215
"['z_realized_implied_vixy', 'z_vol_spread_vixy', 'ADR_smooth', 'zbt', 'Pct_Above_MA50', 'Pct_Above_MA200', 'NH_NL_Ratio_smooth', 'volum_surge']",3,0.38831061124801636,1896.19091796875,0.952970684947414
"['volatility_dispersion', 'z_realized_implied_vixy', 'z_vol_spread_vixy', 'z_vol_skew_iwm', 'zbt', 'Pct_Above_MA50', 'Pct_Above_MA200', 'NH_NL_Ratio_smooth', 'volum_surge']",3,0.387899249792099,2124.39794921875,0.971821562547742
"['z_realized_implied_vixy', 'z_vol_spread_vixy', 'z_vol_skew_iwm', 'z_vol_skew_gld', 'Pct_Above_MA50', 'Pct_Above_MA200', 'NH_NL_Ratio_smooth', 'volum_surge']",3,0.3878452181816101,2036.87744140625,0.964959635097094
"['z_realized_implied_vixy', 'z_vol_spread_vixy', 'z_vol_skew_iwm', 'z_vol_skew_gld', 'ADR_smooth', 'zbt', 'Pct_Above_MA50', 'volum_surge']",4,0.3874598443508148,1776.570068359375,0.8913728468607738
"['volatility_dispersion', 'z_vol_spread_vixy', 'z_vol_skew_iwm', 'z_vol_skew_gld', 'ADR_smooth', 'Pct_Above_MA50', 'NH_NL_Ratio_smooth', 'volum_surge']",3,0.38634300231933594,1570.71142578125,0.9156669575599773
"['volatility_dispersion', 'z_realized_implied_vixy', 'z_vol_skew_iwm', 'ADR_smooth', 'zbt', 'Pct_Above_MA50', 'Pct_Above_MA200', 'volum_surge']",4,0.3862479627132416,2527.66455078125,0.8610363381953785
"['volatility_dispersion', 'z_realized_implied_vixy', 'z_vol_spread_vixy', 'z_vol_skew_iwm', 'z_vol_skew_gld', 'zbt', 'Pct_Above_MA50', 'NH_NL_Ratio_smooth']",4,0.3857884705066681,1656.8739013671875,0.921381655776384
"['z_vol_spread_vixy', 'z_vol_skew_iwm', 'z_vol_skew_gld', 'ADR_smooth', 'zbt', 'Pct_Above_MA50', 'Pct_Above_MA200', 'NH_NL_Ratio_smooth', 'volum_surge']",3,0.38553816080093384,2294.203857421875,0.9207336371803412
"['volatility_dispersion', 'z_vol_spread_vixy', 'z_vol_skew_iwm', 'z_vol_skew_gld', 'ADR_smooth', 'zbt', 'Pct_Above_MA50', 'Pct_Above_MA200']",4,0.38550400733947754,2206.212646484375,0.8436824193376364
"['volatility_dispersion', 'z_realized_implied_vixy', 'z_vol_spread_vixy', 'z_vol_skew_iwm', 'zbt', 'Pct_Above_MA50', 'Pct_Above_MA200', 'NH_NL_Ratio_smooth']",4,0.3853468894958496,2079.24169921875,0.9768105007286706
"['volatility_dispersion', 'z_realized_implied_vixy', 'z_vol_spread_vixy', 'z_vol_skew_iwm', 'z_vol_skew_gld', 'ADR_smooth', 'Pct_Above_MA50', 'NH_NL_Ratio_smooth']",3,0.3849988281726837,1670.7061767578125,0.9319330879188704
"['z_vol_spread_vixy', 'z_vol_skew_iwm', 'z_vol_skew_gld', 'ADR_smooth', 'zbt', 'Pct_Above_MA50', 'Pct_Above_MA200', 'NH_NL_Ratio_smooth']",4,0.38479653000831604,2167.710205078125,1.0158013766817806
"['volatility_dispersion', 'z_vol_spread_vixy', 'z_vol_skew_gld', 'ADR_smooth', 'zbt', 'Pct_Above_MA50', 'NH_NL_Ratio_smooth', 'volum_surge']",4,0.3842780590057373,2167.51416015625,0.8418194397633472
"['volatility_dispersion', 'z_realized_implied_vixy', 'z_vol_spread_vixy', 'ADR_smooth', 'zbt', 'Pct_Above_MA50', 'Pct_Above_MA200', 'NH_NL_Ratio_smooth', 'volum_surge']",4,0.3839513063430786,1907.7889404296875,0.8643693631215732
"['volatility_dispersion', 'z_vol_spread_vixy', 'z_vol_skew_iwm', 'z_vol_skew_gld', 'ADR_smooth', 'zbt', 'Pct_Above_MA50', 'Pct_Above_MA200', 'NH_NL_Ratio_smooth']",4,0.38383835554122925,1779.400634765625,0.8084857625326383
"['volatility_dispersion', 'z_realized_implied_vixy', 'z_vol_spread_vixy', 'z_vol_skew_iwm', 'z_vol_skew_gld', 'ADR_smooth', 'Pct_Above_MA50', 'volum_surge']",4,0.38352668285369873,1696.7628173828125,0.8869369661913877
"['volatility_dispersion', 'z_realized_implied_vixy', 'z_vol_skew_iwm', 'z_vol_skew_gld', 'ADR_smooth', 'zbt', 'NH_NL_Ratio_smooth', 'volum_surge']",4,0.3830213248729706,1750.311279296875,1.1145021833844817
"['volatility_dispersion', 'z_realized_implied_vixy', 'z_vol_skew_gld', 'ADR_smooth', 'zbt', 'Pct_Above_MA50', 'Pct_Above_MA200', 'NH_NL_Ratio_smooth', 'volum_surge']",4,0.3824416399002075,2071.22705078125,1.0591349526038085
"['volatility_dispersion', 'z_realized_implied_vixy', 'z_vol_spread_vixy', 'z_vol_skew_iwm', 'z_vol_skew_gld', 'ADR_smooth', 'zbt', 'NH_NL_Ratio_smooth', 'volum_surge']",3,0.38236212730407715,1749.11865234375,0.9394365291466885
"['volatility_dispersion', 'z_realized_implied_vixy', 'z_vol_spread_vixy', 'z_vol_skew_gld', 'ADR_smooth', 'zbt', 'Pct_Above_MA50', 'NH_NL_Ratio_smooth']",4,0.3821942210197449,1776.717529296875,0.9509930670034146
"['volatility_dispersion', 'z_realized_implied_vixy', 'z_vol_spread_vixy', 'z_vol_skew_iwm', 'z_vol_skew_gld', 'zbt', 'Pct_Above_MA50', 'Pct_Above_MA200', 'NH_NL_Ratio_smooth']",4,0.3818340301513672,2173.30322265625,0.9212931193222015
"['volatility_dispersion', 'z_vol_spread_vixy', 'z_vol_skew_iwm', 'ADR_smooth', 'zbt', 'Pct_Above_MA50', 'NH_NL_Ratio_smooth', 'volum_surge']",3,0.38176944851875305,2399.253662109375,0.9349128871599639
"['volatility_dispersion', 'z_vol_spread_vixy', 'z_vol_skew_iwm', 'z_vol_skew_gld', 'zbt', 'Pct_Above_MA50', 'Pct_Above_MA200', 'NH_NL_Ratio_smooth', 'volum_surge']",4,0.3817601203918457,1553.0982666015625,0.9059357402421689
"['z_realized_implied_vixy', 'z_vol_spread_vixy', 'z_vol_skew_iwm', 'z_vol_skew_gld', 'zbt', 'Pct_Above_MA50', 'NH_NL_Ratio_smooth', 'volum_surge']",4,0.3816808760166168,1835.90185546875,0.9252623574244809
"['volatility_dispersion', 'z_realized_implied_vixy', 'z_vol_spread_vixy', 'z_vol_skew_gld', 'Pct_Above_MA50', 'Pct_Above_MA200', 'NH_NL_Ratio_smooth', 'volum_surge']",4,0.38164374232292175,1692.6429443359375,0.870757429136581
"['z_realized_implied_vixy', 'z_vol_skew_iwm', 'z_vol_skew_gld', 'ADR_smooth', 'zbt', 'Pct_Above_MA50', 'Pct_Above_MA200', 'volum_surge']",3,0.3815687894821167,2313.949951171875,0.9485565500254474
"['volatility_dispersion', 'z_realized_implied_vixy', 'z_vol_spread_vixy', 'z_vol_skew_gld', 'ADR_smooth', 'zbt', 'Pct_Above_MA50', 'Pct_Above_MA200', 'NH_NL_Ratio_smooth', 'volum_surge']",4,0.3814021646976471,1875.4281005859375,0.871189187818523
"['volatility_dispersion', 'z_realized_implied_vixy', 'z_vol_spread_vixy', 'z_vol_skew_gld', 'ADR_smooth', 'zbt', 'Pct_Above_MA200', 'volum_surge']",4,0.3812769651412964,2630.687744140625,1.3139180839440907
"['volatility_dispersion', 'z_realized_implied_vixy', 'z_vol_skew_gld', 'zbt', 'Pct_Above_MA50', 'Pct_Above_MA200', 'NH_NL_Ratio_smooth', 'volum_surge']",4,0.38101404905319214,1714.7366943359375,1.1146813104209548
"['z_realized_implied_vixy', 'z_vol_skew_iwm', 'z_vol_skew_gld', 'ADR_smooth', 'zbt', 'Pct_Above_MA50', 'Pct_Above_MA200', 'NH_NL_Ratio_smooth']",4,0.380352258682251,2889.259765625,1.1045971690932512
"['volatility_dispersion', 'z_realized_implied_vixy', 'z_vol_skew_iwm', 'z_vol_skew_gld', 'ADR_smooth', 'zbt', 'Pct_Above_MA200', 'volum_surge']",4,0.38023868203163147,2761.35595703125,1.0120530881190621
"['z_realized_implied_vixy', 'z_vol_spread_vixy', 'z_vol_skew_iwm', 'zbt', 'Pct_Above_MA50', 'Pct_Above_MA200', 'NH_NL_Ratio_smooth', 'volum_surge']",3,0.37998610734939575,1904.3193359375,0.9791597780952118
"['volatility_dispersion', 'z_realized_implied_vixy', 'z_vol_spread_vixy', 'z_vol_skew_gld', 'ADR_smooth', 'Pct_Above_MA50', 'NH_NL_Ratio_smooth', 'volum_surge']",4,0.3793739676475525,1789.642822265625,0.9355679751904235
"['volatility_dispersion', 'z_realized_implied_vixy', 'z_vol_skew_iwm', 'z_vol_skew_gld', 'ADR_smooth', 'zbt', 'Pct_Above_MA50', 'volum_surge']",4,0.3789942264556885,1552.0931396484375,0.9288689862990528
"['z_realized_implied_vixy', 'z_vol_spread_vixy', 'z_vol_skew_iwm', 'z_vol_skew_gld', 'ADR_smooth', 'zbt', 'Pct_Above_MA50', 'NH_NL_Ratio_smooth']",3,0.3785642087459564,1717.4166259765625,0.9932735965117763
"['volatility_dispersion', 'z_realized_implied_vixy', 'z_vol_spread_vixy', 'z_vol_skew_gld', 'ADR_smooth', 'zbt', 'Pct_Above_MA50', 'Pct_Above_MA200', 'NH_NL_Ratio_smooth']",4,0.3781774044036865,2285.470703125,0.9168812844932477
"['volatility_dispersion', 'z_realized_implied_vixy', 'z_vol_spread_vixy', 'z_vol_skew_iwm', 'ADR_smooth', 'zbt', 'Pct_Above_MA50', 'Pct_Above_MA200', 'volum_surge']",4,0.3780197501182556,2989.686767578125,0.8819011464104398
"['volatility_dispersion', 'z_realized_implied_vixy', 'z_vol_spread_vixy', 'ADR_smooth', 'Pct_Above_MA50', 'Pct_Above_MA200', 'NH_NL_Ratio_smooth', 'volum_surge']",3,0.37799474596977234,1846.8701171875,1.0435498508007226
"['volatility_dispersion', 'z_realized_implied_vixy', 'z_vol_spread_vixy', 'z_vol_skew_iwm', 'z_vol_skew_gld', 'Pct_Above_MA50', 'Pct_Above_MA200', 'NH_NL_Ratio_smooth']",4,0.37779444456100464,2044.3603515625,0.8921836015916824
"['volatility_dispersion', 'z_realized_implied_vixy', 'z_vol_skew_iwm', 'z_vol_skew_gld', 'ADR_smooth', 'zbt', 'Pct_Above_MA200', 'NH_NL_Ratio_smooth', 'volum_surge']",4,0.3774552047252655,2555.5,0.9196246139969817
"['volatility_dispersion', 'z_vol_spread_vixy', 'z_vol_skew_iwm', 'ADR_smooth', 'Pct_Above_MA50', 'Pct_Above_MA200', 'NH_NL_Ratio_smooth', 'volum_surge']",3,0.37741294503211975,2084.561279296875,0.9625029664241925
"['volatility_dispersion', 'z_vol_spread_vixy', 'z_vol_skew_iwm', 'ADR_smooth', 'zbt', 'Pct_Above_MA50', 'Pct_Above_MA200', 'volum_surge']",4,0.3768257796764374,2342.9228515625,0.9886575472684225
"['volatility_dispersion', 'z_vol_skew_iwm', 'z_vol_skew_gld', 'ADR_smooth', 'zbt', 'Pct_Above_MA50', 'NH_NL_Ratio_smooth', 'volum_surge']",4,0.3766375184059143,3044.12841796875,1.1126639757162333
"['volatility_dispersion', 'z_realized_implied_vixy', 'z_vol_spread_vixy', 'z_vol_skew_gld', 'ADR_smooth', 'zbt', 'Pct_Above_MA50', 'Pct_Above_MA200']",4,0.3760838210582733,2893.47119140625,0.9296719506995197
"['z_vol_spread_vixy', 'z_vol_skew_iwm', 'z_vol_skew_gld', 'ADR_smooth', 'zbt', 'Pct_Above_MA50', 'Pct_Above_MA200', 'volum_surge']",4,0.3760225474834442,1946.0247802734375,0.9949174745104143
"['z_vol_spread_vixy', 'z_vol_skew_gld', 'ADR_smooth', 'zbt', 'Pct_Above_MA50', 'Pct_Above_MA200', 'NH_NL_Ratio_smooth', 'volum_surge']",4,0.37551218271255493,2246.45458984375,0.9266776907366281
"['volatility_dispersion', 'z_realized_implied_vixy', 'z_vol_skew_iwm', 'ADR_smooth', 'zbt', 'Pct_Above_MA50', 'Pct_Above_MA200', 'volum_surge']",3,0.3738284409046173,2633.89306640625,0.9770147417553602
"['volatility_dispersion', 'z_realized_implied_vixy', 'z_vol_spread_vixy', 'z_vol_skew_iwm', 'zbt', 'Pct_Above_MA50', 'Pct_Above_MA200', 'NH_NL_Ratio_smooth']",3,0.37369775772094727,1992.681396484375,1.0021010194634086
"['volatility_dispersion', 'z_realized_implied_vixy', 'z_vol_spread_vixy', 'z_vol_skew_gld', 'ADR_smooth', 'zbt', 'Pct_Above_MA50', 'Pct_Above_MA200', 'volum_surge']",4,0.3730126917362213,3387.312255859375,1.0080143001704984
"['volatility_dispersion', 'z_realized_implied_vixy', 'z_vol_spread_vixy', 'z_vol_skew_iwm', 'ADR_smooth', 'zbt', 'Pct_Above_MA50', 'volum_surge']",4,0.3722936809062958,1723.18212890625,0.9131057689473476
"['volatility_dispersion', 'z_realized_implied_vixy', 'z_vol_spread_vixy', 'ADR_smooth', 'zbt', 'Pct_Above_MA50', 'Pct_Above_MA200', 'NH_NL_Ratio_smooth']",4,0.3719332218170166,1972.4608154296875,0.9699430320857361
"['volatility_dispersion', 'z_realized_implied_vixy', 'z_vol_spread_vixy', 'z_vol_skew_gld', 'zbt', 'Pct_Above_MA50', 'Pct_Above_MA200', 'NH_NL_Ratio_smooth', 'volum_surge']",4,0.3718518614768982,1727.988525390625,0.8580872549100482
"['volatility_dispersion', 'z_realized_implied_vixy', 'z_vol_spread_vixy', 'ADR_smooth', 'zbt', 'Pct_Above_MA50', 'Pct_Above_MA200', 'NH_NL_Ratio_smooth', 'volum_surge']",3,0.37140390276908875,1769.475830078125,0.9834642704162272
"['z_realized_implied_vixy', 'z_vol_spread_vixy', 'z_vol_skew_iwm', 'z_vol_skew_gld', 'zbt', 'Pct_Above_MA50', 'Pct_Above_MA200', 'NH_NL_Ratio_smooth', 'volum_surge']",4,0.3713220953941345,1672.9710693359375,1.111844039646051
"['volatility_dispersion', 'z_vol_spread_vixy', 'z_vol_skew_iwm', 'z_vol_skew_gld', 'zbt', 'Pct_Above_MA50', 'Pct_Above_MA200', 'NH_NL_Ratio_smooth']",4,0.37103554606437683,1934.4451904296875,0.9289213190207026
"['volatility_dispersion', 'z_vol_spread_vixy', 'z_vol_skew_iwm', 'z_vol_skew_gld', 'ADR_smooth', 'Pct_Above_MA200', 'NH_NL_Ratio_smooth', 'volum_surge']",3,0.3698776364326477,1707.247802734375,1.043405230944894
"['volatility_dispersion', 'z_vol_spread_vixy', 'z_vol_skew_iwm', 'z_vol_skew_gld', 'zbt', 'Pct_Above_MA50', 'Pct_Above_MA200', 'NH_NL_Ratio_smooth', 'volum_surge']",3,0.36975234746932983,1433.0926513671875,1.0597455607380206
"['volatility_dispersion', 'z_realized_implied_vixy', 'z_vol_spread_vixy', 'z_vol_skew_gld', 'zbt', 'Pct_Above_MA50', 'NH_NL_Ratio_smooth', 'volum_surge']",4,0.3684229254722595,1550.2783203125,1.1213910500045587
"['z_vol_spread_vixy', 'z_vol_skew_iwm', 'z_vol_skew_gld', 'ADR_smooth', 'zbt', 'Pct_Above_MA50', 'Pct_Above_MA200', 'NH_NL_Ratio_smooth']",3,0.36841288208961487,2008.867431640625,1.030194390760266
"['volatility_dispersion', 'z_realized_implied_vixy', 'z_vol_spread_vixy', 'z_vol_skew_iwm', 'z_vol_skew_gld', 'zbt', 'Pct_Above_MA50', 'NH_NL_Ratio_smooth', 'volum_surge']",4,0.3682916462421417,1680.3656005859375,1.0670650676375306
"['volatility_dispersion', 'z_vol_spread_vixy', 'z_vol_skew_iwm', 'z_vol_skew_gld', 'ADR_smooth', 'zbt', 'Pct_Above_MA50', 'Pct_Above_MA200', 'volum_surge']",4,0.36826562881469727,2032.1107177734375,0.9524826060393903
"['volatility_dispersion', 'z_realized_implied_vixy', 'z_vol_skew_iwm', 'z_vol_skew_gld', 'zbt', 'Pct_Above_MA50', 'NH_NL_Ratio_smooth', 'volum_surge']",4,0.3671773672103882,1963.3065185546875,0.9692836301202586
"['volatility_dispersion', 'z_vol_spread_vixy', 'z_vol_skew_iwm', 'ADR_smooth', 'zbt', 'Pct_Above_MA50', 'NH_NL_Ratio_smooth', 'volum_surge']",4,0.3671528995037079,2049.5283203125,0.9499098762595259
"['volatility_dispersion', 'z_realized_implied_vixy', 'z_vol_spread_vixy', 'z_vol_skew_iwm', 'ADR_smooth', 'zbt', 'Pct_Above_MA50', 'Pct_Above_MA200', 'NH_NL_Ratio_smooth']",4,0.3669634163379669,2230.625732421875,1.0143732135748358
"['volatility_dispersion', 'z_realized_implied_vixy', 'z_vol_spread_vixy', 'z_vol_skew_iwm', 'z_vol_skew_gld', 'ADR_smooth', 'zbt', 'Pct_Above_MA50', 'Pct_Above_MA200', 'NH_NL_Ratio_smooth']",4,0.36535021662712097,2542.0654296875,1.0727835237177603
"['volatility_dispersion', 'z_realized_implied_vixy', 'z_vol_spread_vixy', 'z_vol_skew_gld', 'ADR_smooth', 'Pct_Above_MA50', 'Pct_Above_MA200', 'NH_NL_Ratio_smooth']",4,0.3646828830242157,1992.9150390625,0.9373116382931486
"['volatility_dispersion', 'z_realized_implied_vixy', 'z_vol_spread_vixy', 'z_vol_skew_iwm', 'z_vol_skew_gld', 'ADR_smooth', 'Pct_Above_MA50', 'volum_surge']",3,0.3646029233932495,1701.12158203125,1.019699811209727
"['volatility_dispersion', 'z_realized_implied_vixy', 'z_vol_spread_vixy', 'z_vol_skew_gld', 'ADR_smooth', 'zbt', 'NH_NL_Ratio_smooth', 'volum_surge']",4,0.3644545376300812,1605.582275390625,1.0121516526465895
"['volatility_dispersion', 'z_vol_spread_vixy', 'z_vol_skew_gld', 'ADR_smooth', 'zbt', 'Pct_Above_MA50', 'Pct_Above_MA200', 'volum_surge']",4,0.3641652762889862,2308.3818359375,0.9166280505308568
"['volatility_dispersion', 'z_realized_implied_vixy', 'z_vol_skew_iwm', 'z_vol_skew_gld', 'ADR_smooth', 'Pct_Above_MA200', 'NH_NL_Ratio_smooth', 'volum_surge']",4,0.3628391623497009,2350.37158203125,1.1326507715792784
"['volatility_dispersion', 'z_realized_implied_vixy', 'z_vol_skew_iwm', 'z_vol_skew_gld', 'ADR_smooth', 'Pct_Above_MA50', 'NH_NL_Ratio_smooth', 'volum_surge']",4,0.36233964562416077,2313.19384765625,1.0366943428259465
"['volatility_dispersion', 'z_realized_implied_vixy', 'z_vol_spread_vixy', 'z_vol_skew_gld', 'ADR_smooth', 'zbt', 'Pct_Above_MA50', 'NH_NL_Ratio_smooth', 'volum_surge']",4,0.3616012632846832,1649.0511474609375,0.9378998456430125
"['volatility_dispersion', 'z_realized_implied_vixy', 'z_vol_skew_iwm', 'z_vol_skew_gld', 'ADR_smooth', 'zbt', 'Pct_Above_MA50', 'NH_NL_Ratio_smooth', 'volum_surge']",3,0.36153900623321533,1694.27294921875,0.9560087292201364
"['volatility_dispersion', 'z_realized_implied_vixy', 'z_vol_spread_vixy', 'z_vol_skew_iwm', 'zbt', 'Pct_Above_MA50', 'Pct_Above_MA200', 'NH_NL_Ratio_smooth', 'volum_surge']",4,0.3604210317134857,2048.93896484375,1.0370711535579202
"['volatility_dispersion', 'z_realized_implied_vixy', 'z_vol_spread_vixy', 'z_vol_skew_iwm', 'z_vol_skew_gld', 'ADR_smooth', 'zbt', 'NH_NL_Ratio_smooth']",4,0.3602730333805084,1667.439453125,1.0596757343200376
"['volatility_dispersion', 'z_vol_skew_iwm', 'z_vol_skew_gld', 'ADR_smooth', 'zbt', 'Pct_Above_MA50', 'Pct_Above_MA200', 'volum_surge']",3,0.35905060172080994,2697.516845703125,1.0467419888180027
"['volatility_dispersion', 'z_vol_skew_iwm', 'z_vol_skew_gld', 'ADR_smooth', 'zbt', 'Pct_Above_MA50', 'Pct_Above_MA200', 'NH_NL_Ratio_smooth', 'volum_surge']",4,0.3580462634563446,2470.8115234375,0.9005198356610179
"['volatility_dispersion', 'z_vol_spread_vixy', 'z_vol_skew_iwm', 'z_vol_skew_gld', 'ADR_smooth', 'zbt', 'Pct_Above_MA50', 'volum_surge']",4,0.35739922523498535,1666.9517822265625,1.0142006871203573
"['volatility_dispersion', 'z_realized_implied_vixy', 'z_vol_spread_vixy', 'ADR_smooth', 'Pct_Above_MA50', 'Pct_Above_MA200', 'NH_NL_Ratio_smooth', 'volum_surge']",4,0.3568059206008911,1792.06005859375,0.9937067771622559
"['volatility_dispersion', 'z_realized_implied_vixy', 'z_vol_spread_vixy', 'z_vol_skew_iwm', 'Pct_Above_MA50', 'Pct_Above_MA200', 'NH_NL_Ratio_smooth', 'volum_surge']",4,0.3560844659805298,1866.102783203125,0.9415689719021687
"['volatility_dispersion', 'z_realized_implied_vixy', 'z_vol_spread_vixy', 'z_vol_skew_iwm', 'ADR_smooth', 'zbt', 'Pct_Above_MA50', 'volum_surge']",3,0.35598719120025635,1497.88427734375,1.0079221159461704
"['volatility_dispersion', 'z_realized_implied_vixy', 'z_vol_spread_vixy', 'z_vol_skew_iwm', 'z_vol_skew_gld', 'ADR_smooth', 'zbt', 'Pct_Above_MA50', 'Pct_Above_MA200', 'volum_surge']",4,0.35516461730003357,3327.598876953125,1.0492488862042908
"['z_realized_implied_vixy', 'z_vol_spread_vixy', 'z_vol_skew_iwm', 'z_vol_skew_gld', 'ADR_smooth', 'zbt', 'Pct_Above_MA50', 'Pct_Above_MA200']",4,0.35382431745529175,2879.712890625,0.9980449006551225
"['z_vol_spread_vixy', 'z_vol_skew_iwm', 'z_vol_skew_gld', 'ADR_smooth', 'zbt', 'Pct_Above_MA50', 'Pct_Above_MA200', 'volum_surge']",3,0.3536489009857178,1794.0020751953125,1.1290810061760173
"['volatility_dispersion', 'z_vol_skew_iwm', 'z_vol_skew_gld', 'ADR_smooth', 'Pct_Above_MA50', 'Pct_Above_MA200', 'NH_NL_Ratio_smooth', 'volum_surge']",4,0.35297900438308716,2509.523193359375,0.8785279768013156
"['volatility_dispersion', 'z_realized_implied_vixy', 'z_vol_skew_gld', 'ADR_smooth', 'zbt', 'Pct_Above_MA50', 'Pct_Above_MA200', 'NH_NL_Ratio_smooth']",4,0.352931946516037,2088.705322265625,1.1452651478916693
"['z_realized_implied_vixy', 'z_vol_spread_vixy', 'z_vol_skew_iwm', 'z_vol_skew_gld', 'ADR_smooth', 'zbt', 'Pct_Above_MA50', 'Pct_Above_MA200', 'NH_NL_Ratio_smooth']",4,0.3526923954486847,2045.4774169921875,0.9615493668486014
"['z_realized_implied_vixy', 'z_vol_spread_vixy', 'z_vol_skew_iwm', 'z_vol_skew_gld', 'Pct_Above_MA50', 'Pct_Above_MA200', 'NH_NL_Ratio_smooth', 'volum_surge']",4,0.35262054204940796,1807.692626953125,0.9665201232790565
"['volatility_dispersion', 'z_vol_spread_vixy', 'z_vol_skew_iwm', 'z_vol_skew_gld', 'ADR_smooth', 'Pct_Above_MA50', 'Pct_Above_MA200', 'volum_surge']",4,0.35259926319122314,1702.878173828125,0.9743642065600852
"['z_realized_implied_vixy', 'z_vol_spread_vixy', 'z_vol_skew_iwm', 'z_vol_skew_gld', 'ADR_smooth', 'zbt', 'Pct_Above_MA50', 'volum_surge']",3,0.35254520177841187,1409.8973388671875,1.0449839886865278
"['volatility_dispersion', 'z_vol_spread_vixy', 'z_vol_skew_iwm', 'z_vol_skew_gld', 'ADR_smooth', 'Pct_Above_MA50', 'Pct_Above_MA200', 'NH_NL_Ratio_smooth']",3,0.3523826003074646,1200.2877197265625,1.0932628152507922
"['z_realized_implied_vixy', 'z_vol_spread_vixy', 'z_vol_skew_iwm', 'z_vol_skew_gld', 'zbt', 'Pct_Above_MA200', 'NH_NL_Ratio_smooth', 'volum_surge']",4,0.3520289361476898,1995.771240234375,0.9371190595479648
"['volatility_dispersion', 'z_realized_implied_vixy', 'z_vol_spread_vixy', 'z_vol_skew_iwm', 'z_vol_skew_gld', 'zbt', 'Pct_Above_MA50', 'volum_surge']",3,0.3519439399242401,1640.49755859375,1.025522170890505
"['volatility_dispersion', 'z_realized_implied_vixy', 'z_vol_skew_iwm', 'z_vol_skew_gld', 'ADR_smooth', 'zbt', 'Pct_Above_MA200', 'NH_NL_Ratio_smooth', 'volum_surge']",3,0.3514725863933563,2119.704345703125,1.0006589168730964
"['volatility_dispersion', 'z_realized_implied_vixy', 'z_vol_spread_vixy', 'z_vol_skew_iwm', 'z_vol_skew_gld', 'ADR_smooth', 'zbt', 'Pct_Above_MA50', 'volum_surge']",3,0.35136309266090393,1675.4404296875,1.0438204008511225
"['volatility_dispersion', 'z_realized_implied_vixy', 'z_vol_spread_vixy', 'z_vol_skew_iwm', 'z_vol_skew_gld', 'ADR_smooth', 'zbt', 'Pct_Above_MA50', 'volum_surge']",4,0.3504050672054291,1454.0101318359375,0.9950093766115103
"['volatility_dispersion', 'z_realized_implied_vixy', 'z_vol_skew_gld', 'ADR_smooth', 'zbt', 'Pct_Above_MA50', 'NH_NL_Ratio_smooth', 'volum_surge']",4,0.3489477038383484,2038.893798828125,1.0286882053562485
"['volatility_dispersion', 'z_vol_spread_vixy', 'z_vol_skew_iwm', 'z_vol_skew_gld', 'ADR_smooth', 'zbt', 'Pct_Above_MA50', 'NH_NL_Ratio_smooth']",4,0.3485572636127472,2086.311279296875,0.7678108800262107
"['volatility_dispersion', 'z_vol_spread_vixy', 'z_vol_skew_iwm', 'z_vol_skew_gld', 'zbt', 'Pct_Above_MA50', 'Pct_Above_MA200', 'NH_NL_Ratio_smooth']",3,0.34854570031166077,1443.1131591796875,0.9944245649930323
"['volatility_dispersion', 'z_vol_spread_vixy', 'z_vol_skew_iwm', 'z_vol_skew_gld', 'ADR_smooth', 'zbt', 'Pct_Above_MA50', 'Pct_Above_MA200', 'NH_NL_Ratio_smooth']",3,0.34764423966407776,1639.2166748046875,0.9634159562262293
"['volatility_dispersion', 'z_vol_spread_vixy', 'z_vol_skew_iwm', 'z_vol_skew_gld', 'zbt', 'Pct_Above_MA50', 'NH_NL_Ratio_smooth', 'volum_surge']",4,0.3473697304725647,1896.5836181640625,0.9880911597691011
"['volatility_dispersion', 'z_realized_implied_vixy', 'z_vol_skew_gld', 'ADR_smooth', 'zbt', 'Pct_Above_MA50', 'Pct_Above_MA200', 'volum_surge']",4,0.3458671569824219,2128.702392578125,1.232382555544957
"['volatility_dispersion', 'z_vol_spread_vixy', 'z_vol_skew_iwm', 'z_vol_skew_gld', 'ADR_smooth', 'zbt', 'Pct_Above_MA50', 'NH_NL_Ratio_smooth', 'volum_surge']",4,0.3449886739253998,1895.4908447265625,0.8167585979825358
"['volatility_dispersion', 'z_realized_implied_vixy', 'z_vol_spread_vixy', 'z_vol_skew_iwm', 'ADR_smooth', 'zbt', 'NH_NL_Ratio_smooth', 'volum_surge']",4,0.3449731171131134,1777.6807861328125,0.9156459730465119
"['volatility_dispersion', 'z_vol_spread_vixy', 'z_vol_skew_iwm', 'z_vol_skew_gld', 'zbt', 'Pct_Above_MA50', 'NH_NL_Ratio_smooth', 'volum_surge']",3,0.34453701972961426,1689.9019775390625,1.019452518253728
"['volatility_dispersion', 'z_realized_implied_vixy', 'z_vol_spread_vixy', 'z_vol_skew_iwm', 'z_vol_skew_gld', 'ADR_smooth', 'zbt', 'NH_NL_Ratio_smooth']",3,0.34441640973091125,1513.2178955078125,1.0031596629324098
"['volatility_dispersion', 'z_vol_skew_iwm', 'z_vol_skew_gld', 'ADR_smooth', 'zbt', 'Pct_Above_MA50', 'Pct_Above_MA200', 'NH_NL_Ratio_smooth']",4,0.3431713879108429,2004.2247314453125,0.9550488362496217
"['volatility_dispersion', 'z_realized_implied_vixy', 'z_vol_spread_vixy', 'z_vol_skew_iwm', 'z_vol_skew_gld', 'ADR_smooth', 'zbt', 'Pct_Above_MA50', 'Pct_Above_MA200']",4,0.3431699275970459,2337.691650390625,1.419451684275653
"['volatility_dispersion', 'z_vol_skew_iwm', 'z_vol_skew_gld', 'ADR_smooth', 'zbt', 'Pct_Above_MA50', 'Pct_Above_MA200', 'volum_surge']",4,0.3424462080001831,2511.468017578125,1.0174469352760052
"['volatility_dispersion', 'z_realized_implied_vixy', 'z_vol_spread_vixy', 'z_vol_skew_iwm', 'z_vol_skew_gld', 'ADR_smooth', 'zbt', 'volum_surge']",3,0.34236177802085876,1983.1885986328125,1.2515440728114904
"['volatility_dispersion', 'z_vol_spread_vixy', 'z_vol_skew_gld', 'ADR_smooth', 'zbt', 'Pct_Above_MA50', 'Pct_Above_MA200', 'NH_NL_Ratio_smooth', 'volum_surge']",4,0.3420996367931366,1455.892822265625,0.833635948846147
"['volatility_dispersion', 'z_realized_implied_vixy', 'z_vol_skew_gld', 'ADR_smooth', 'zbt', 'Pct_Above_MA50', 'Pct_Above_MA200', 'NH_NL_Ratio_smooth', 'volum_surge']",3,0.34179434180259705,1588.352294921875,1.087575846307745
"['volatility_dispersion', 'z_realized_implied_vixy', 'z_vol_spread_vixy', 'z_vol_skew_gld', 'ADR_smooth', 'zbt', 'Pct_Above_MA50', 'volum_surge']",3,0.3416573107242584,1759.5155029296875,0.9881534199380152
"['volatility_dispersion', 'z_vol_spread_vixy', 'z_vol_skew_iwm', 'z_vol_skew_gld', 'ADR_smooth', 'zbt', 'NH_NL_Ratio_smooth', 'volum_surge']",3,0.34146735072135925,1667.65869140625,0.9488105836494277
"['z_realized_implied_vixy', 'z_vol_spread_vixy', 'z_vol_skew_iwm', 'ADR_smooth', 'Pct_Above_MA50', 'Pct_Above_MA200', 'NH_NL_Ratio_smooth', 'volum_surge']",3,0.34054332971572876,1556.3138427734375,0.9998697675204665
"['z_realized_implied_vixy', 'z_vol_spread_vixy', 'z_vol_skew_iwm', 'z_vol_skew_gld', 'ADR_smooth', 'zbt', 'Pct_Above_MA50', 'NH_NL_Ratio_smooth']",4,0.3391387164592743,1672.5782470703125,0.9947802509829772
"['volatility_dispersion', 'z_realized_implied_vixy', 'z_vol_spread_vixy', 'z_vol_skew_iwm', 'z_vol_skew_gld', 'ADR_smooth', 'NH_NL_Ratio_smooth', 'volum_surge']",4,0.33884018659591675,1729.40576171875,1.2061713234574682
"['volatility_dispersion', 'z_vol_spread_vixy', 'z_vol_skew_gld', 'ADR_smooth', 'Pct_Above_MA50', 'Pct_Above_MA200', 'NH_NL_Ratio_smooth', 'volum_surge']",4,0.3380047380924225,1574.17578125,0.8475352400239944
"['z_realized_implied_vixy', 'z_vol_skew_iwm', 'z_vol_skew_gld', 'ADR_smooth', 'zbt', 'Pct_Above_MA50', 'Pct_Above_MA200', 'volum_surge']",4,0.33707794547080994,2202.2734375,1.0780816410359868
"['z_vol_spread_vixy', 'z_vol_skew_iwm', 'z_vol_skew_gld', 'ADR_smooth', 'zbt', 'Pct_Above_MA50', 'Pct_Above_MA200', 'NH_NL_Ratio_smooth', 'volum_surge']",4,0.3335975408554077,1978.9605712890625,0.9525630249821094
"['volatility_dispersion', 'z_realized_implied_vixy', 'z_vol_spread_vixy', 'z_vol_skew_iwm', 'z_vol_skew_gld', 'ADR_smooth', 'zbt', 'Pct_Above_MA50', 'Pct_Above_MA200', 'NH_NL_Ratio_smooth', 'volum_surge']",4,0.3333391547203064,2037.513671875,0.9391062108663046
"['volatility_dispersion', 'z_realized_implied_vixy', 'z_vol_spread_vixy', 'z_vol_skew_iwm', 'z_vol_skew_gld', 'zbt', 'Pct_Above_MA50', 'Pct_Above_MA200']",4,0.3323390483856201,2302.68408203125,0.9176566330262192
"['volatility_dispersion', 'z_realized_implied_vixy', 'z_vol_spread_vixy', 'z_vol_skew_iwm', 'z_vol_skew_gld', 'ADR_smooth', 'zbt', 'Pct_Above_MA50']",4,0.33068373799324036,1429.755615234375,0.9707493002424885
"['volatility_dispersion', 'z_realized_implied_vixy', 'z_vol_spread_vixy', 'z_vol_skew_iwm', 'z_vol_skew_gld', 'ADR_smooth', 'zbt', 'volum_surge']",4,0.3299342095851898,1920.3179931640625,1.1248686133078796
"['volatility_dispersion', 'z_realized_implied_vixy', 'z_vol_spread_vixy', 'z_vol_skew_iwm', 'Pct_Above_MA50', 'Pct_Above_MA200', 'NH_NL_Ratio_smooth', 'volum_surge']",3,0.3281579613685608,1600.78173828125,1.1843007784706352
"['volatility_dispersion', 'z_realized_implied_vixy', 'z_vol_skew_iwm', 'z_vol_skew_gld', 'ADR_smooth', 'Pct_Above_MA50', 'Pct_Above_MA200', 'volum_surge']",4,0.32764679193496704,2133.795166015625,1.0063059303757722
"['volatility_dispersion', 'z_vol_spread_vixy', 'z_vol_skew_iwm', 'z_vol_skew_gld', 'ADR_smooth', 'zbt', 'Pct_Above_MA50', 'NH_NL_Ratio_smooth']",3,0.3267417252063751,1991.5938720703125,0.8763796795260098
"['volatility_dispersion', 'z_vol_spread_vixy', 'z_vol_skew_iwm', 'z_vol_skew_gld', 'ADR_smooth', 'Pct_Above_MA50', 'Pct_Above_MA200', 'NH_NL_Ratio_smooth', 'volum_surge']",4,0.3212904930114746,1586.143798828125,1.0583254462920713
"['volatility_dispersion', 'z_realized_implied_vixy', 'z_vol_skew_iwm', 'z_vol_skew_gld', 'zbt', 'Pct_Above_MA200', 'NH_NL_Ratio_smooth', 'volum_surge']",4,0.3188067376613617,1504.5894775390625,1.7612040520765606
"['volatility_dispersion', 'z_vol_spread_vixy', 'z_vol_skew_iwm', 'ADR_smooth', 'Pct_Above_MA50', 'Pct_Above_MA200', 'NH_NL_Ratio_smooth', 'volum_surge']",4,0.3117638826370239,1703.137939453125,1.2012223079353617
"['z_vol_spread_vixy', 'z_vol_skew_iwm', 'z_vol_skew_gld', 'ADR_smooth', 'Pct_Above_MA50', 'Pct_Above_MA200', 'NH_NL_Ratio_smooth', 'volum_surge']",4,0.31139075756073,1970.18896484375,0.997751972333319
"['volatility_dispersion', 'z_vol_spread_vixy', 'z_vol_skew_iwm', 'z_vol_skew_gld', 'zbt', 'Pct_Above_MA50', 'Pct_Above_MA200', 'volum_surge']",4,0.3096190392971039,1510.1630859375,1.073615092009621
"['volatility_dispersion', 'z_realized_implied_vixy', 'z_vol_spread_vixy', 'z_vol_skew_iwm', 'zbt', 'Pct_Above_MA50', 'NH_NL_Ratio_smooth', 'volum_surge']",4,0.3095056414604187,1362.5780029296875,0.9060515917726424
"['volatility_dispersion', 'z_realized_implied_vixy', 'z_vol_spread_vixy', 'z_vol_skew_gld', 'ADR_smooth', 'zbt', 'Pct_Above_MA50', 'NH_NL_Ratio_smooth', 'volum_surge']",3,0.3054531216621399,1248.1593017578125,1.1451206249269021
"['volatility_dispersion', 'z_realized_implied_vixy', 'z_vol_spread_vixy', 'z_vol_skew_iwm', 'z_vol_skew_gld', 'ADR_smooth', 'zbt', 'Pct_Above_MA50', 'NH_NL_Ratio_smooth', 'volum_surge']",3,0.30058974027633667,1245.474365234375,1.178398766670614
"['volatility_dispersion', 'z_realized_implied_vixy', 'z_vol_spread_vixy', 'z_vol_skew_iwm', 'z_vol_skew_gld', 'ADR_smooth', 'zbt', 'NH_NL_Ratio_smooth', 'volum_surge']",4,0.3001358211040497,1477.1365966796875,1.1113886756563134
"['z_vol_spread_vixy', 'z_vol_skew_iwm', 'z_vol_skew_gld', 'zbt', 'Pct_Above_MA50', 'Pct_Above_MA200', 'NH_NL_Ratio_smooth', 'volum_surge']",4,0.29975295066833496,1676.93798828125,1.0587435287756035
"['z_vol_spread_vixy', 'z_vol_skew_iwm', 'z_vol_skew_gld', 'ADR_smooth', 'zbt', 'Pct_Above_MA200', 'NH_NL_Ratio_smooth', 'volum_surge']",4,0.29967200756073,1675.593017578125,1.0061488682125719
"['volatility_dispersion', 'z_realized_implied_vixy', 'z_vol_spread_vixy', 'z_vol_skew_gld', 'ADR_smooth', 'zbt', 'Pct_Above_MA50', 'NH_NL_Ratio_smooth']",3,0.29625609517097473,1126.2667236328125,1.0796733830951581
"['z_vol_spread_vixy', 'z_vol_skew_iwm', 'ADR_smooth', 'zbt', 'Pct_Above_MA50', 'Pct_Above_MA200', 'NH_NL_Ratio_smooth', 'volum_surge']",4,0.2957955598831177,1821.0821533203125,1.16124100841412
"['volatility_dispersion', 'z_vol_spread_vixy', 'z_vol_skew_iwm', 'z_vol_skew_gld', 'ADR_smooth', 'zbt', 'NH_NL_Ratio_smooth', 'volum_surge']",4,0.2928115725517273,1547.015380859375,0.9699780484029853
"['volatility_dispersion', 'z_realized_implied_vixy', 'z_vol_spread_vixy', 'z_vol_skew_iwm', 'z_vol_skew_gld', 'zbt', 'NH_NL_Ratio_smooth', 'volum_surge']",4,0.28967350721359253,1183.4312744140625,1.4833932026358831
"['volatility_dispersion', 'z_realized_implied_vixy', 'z_vol_spread_vixy', 'z_vol_skew_gld', 'ADR_smooth', 'zbt', 'Pct_Above_MA50', 'volum_surge']",4,0.2890409231185913,1439.8372802734375,1.0862287639347754
"['volatility_dispersion', 'z_realized_implied_vixy', 'z_vol_spread_vixy', 'z_vol_skew_iwm', 'z_vol_skew_gld', 'ADR_smooth', 'zbt', 'Pct_Above_MA50']",3,0.28642144799232483,1252.993408203125,1.1698000735989311
"['volatility_dispersion', 'z_realized_implied_vixy', 'z_vol_skew_iwm', 'z_vol_skew_gld', 'ADR_smooth', 'zbt', 'Pct_Above_MA50', 'volum_surge']",3,0.28631308674812317,1050.8636474609375,1.1167410526216068
"['volatility_dispersion', 'z_vol_spread_vixy', 'z_vol_skew_gld', 'ADR_smooth', 'zbt', 'Pct_Above_MA200', 'NH_NL_Ratio_smooth', 'volum_surge']",4,0.28256022930145264,1308.718994140625,1.480928282077663
"['volatility_dispersion', 'z_vol_spread_vixy', 'z_vol_skew_iwm', 'z_vol_skew_gld', 'ADR_smooth', 'zbt', 'Pct_Above_MA50', 'Pct_Above_MA200', 'NH_NL_Ratio_smooth', 'volum_surge']",4,0.27716803550720215,1305.1298828125,1.2231014097301824
"['volatility_dispersion', 'z_realized_implied_vixy', 'z_vol_spread_vixy', 'z_vol_skew_iwm', 'z_vol_skew_gld', 'zbt', 'Pct_Above_MA50', 'volum_surge']",4,0.2746904194355011,1233.795166015625,1.2664912612372579
"['volatility_dispersion', 'z_vol_spread_vixy', 'z_vol_skew_gld', 'ADR_smooth', 'zbt', 'Pct_Above_MA50', 'Pct_Above_MA200', 'NH_NL_Ratio_smooth']",4,0.21503175795078278,976.9442138671875,1.6177086682617587
